transaction_id,amount_sar,channel,is_night
TXN-2026-00001,163.38,pos,0
TXN-2026-00002,76.25,pos,0
TXN-2026-00003,195.83,pos,0
TXN-2026-00004,559.83,online,0
TXN-2026-00005,67.97,pos,0
TXN-2026-00006,67.97,online,0
TXN-2026-00007,598.88,pos,0
TXN-2026-00008,226.09,online,0
TXN-2026-00009,51.25,online,0
TXN-2026-00010,172.62,online,0
TXN-2026-00011,51.62,online,0
TXN-2026-00012,51.48,online,0
TXN-2026-00013,120.34,atm,1
TXN-2026-00014,9.06,pos,0
TXN-2026-00015,11.36,pos,1
TXN-2026-00016,45.84,pos,1
TXN-2026-00017,26.7,pos,0
TXN-2026-00018,131.25,pos,0
TXN-2026-00019,30.28,pos,0
TXN-2026-00020,16.53,pos,0
TXN-2026-00021,522.58,pos,0
TXN-2026-00022,68.65,pos,1
TXN-2026-00023,97.62,atm,0
TXN-2026-00024,16.29,pos,0
TXN-2026-00025,46.84,online,0
TXN-2026-00026,102.83,pos,1
TXN-2026-00027,22.62,atm,0
TXN-2026-00028,141.29,online,0
TXN-2026-00029,43.78,online,0
TXN-2026-00030,63.43,online,0
TXN-2026-00031,43.73,pos,0
TXN-2026-00032,831.09,atm,1
TXN-2026-00033,88.57,online,0
TXN-2026-00034,25.3,online,1
TXN-2026-00035,241.54,online,0
TXN-2026-00036,20.8,pos,1
TXN-2026-00037,115.66,online,0
TXN-2026-00038,8.57,pos,0
TXN-2026-00039,18.29,online,1
TXN-2026-00040,114.0,pos,0
TXN-2026-00041,218.36,atm,0
TXN-2026-00042,110.57,pos,0
TXN-2026-00043,78.35,pos,0
TXN-2026-00044,62.72,online,0
TXN-2026-00045,15.27,online,0
TXN-2026-00046,37.95,online,0
TXN-2026-00047,51.79,pos,0
TXN-2026-00048,320.07,pos,0
TXN-2026-00049,135.96,online,0
TXN-2026-00050,10.85,atm,0
TXN-2026-00051,132.81,online,1
TXN-2026-00052,56.71,pos,0
TXN-2026-00053,39.95,atm,0
TXN-2026-00054,187.54,pos,1
TXN-2026-00055,310.19,pos,0
TXN-2026-00056,275.21,pos,0
TXN-2026-00057,32.88,pos,0
TXN-2026-00058,62.11,online,0
TXN-2026-00059,133.96,pos,0
TXN-2026-00060,290.22,pos,0
TXN-2026-00061,50.65,pos,0
TXN-2026-00062,72.04,pos,0
TXN-2026-00063,23.86,online,0
TXN-2026-00064,21.42,pos,0
TXN-2026-00065,238.66,pos,0
TXN-2026-00066,458.28,online,0
TXN-2026-00067,82.57,online,0
TXN-2026-00068,300.14,online,0
TXN-2026-00069,138.93,pos,0
TXN-2026-00070,41.51,online,1
TXN-2026-00071,138.89,atm,1
TXN-2026-00072,570.0,online,0
TXN-2026-00073,86.23,online,0
TXN-2026-00074,588.5,pos,0
TXN-2026-00075,3.88,atm,1
TXN-2026-00076,241.36,pos,0
TXN-2026-00077,99.93,pos,0
TXN-2026-00078,62.88,pos,0
TXN-2026-00079,100.5,pos,0
TXN-2026-00080,8.29,atm,0
TXN-2026-00081,69.16,online,0
TXN-2026-00082,138.18,online,0
TXN-2026-00083,530.32,online,0
TXN-2026-00084,48.33,pos,0
TXN-2026-00085,34.12,pos,0
TXN-2026-00086,49.3,online,0
TXN-2026-00087,270.02,online,1
TXN-2026-00088,133.55,pos,0
TXN-2026-00089,47.67,online,0
TXN-2026-00090,166.65,pos,0
TXN-2026-00091,101.14,pos,0
TXN-2026-00092,287.83,pos,0
TXN-2026-00093,38.77,pos,0
TXN-2026-00094,60.75,online,0
TXN-2026-00095,56.23,online,0
TXN-2026-00096,15.55,pos,0
TXN-2026-00097,128.42,online,0
TXN-2026-00098,123.13,online,0
TXN-2026-00099,90.57,pos,0
TXN-2026-00100,67.93,pos,0
TXN-2026-00101,16.47,atm,0
TXN-2026-00102,54.34,online,0
TXN-2026-00103,59.66,atm,0
TXN-2026-00104,34.37,pos,0
TXN-2026-00105,74.18,online,1
TXN-2026-00106,146.18,pos,1
TXN-2026-00107,865.6,pos,0
TXN-2026-00108,111.0,pos,0
TXN-2026-00109,122.62,pos,0
TXN-2026-00110,82.32,pos,0
TXN-2026-00111,9.0,pos,0
TXN-2026-00112,87.2,pos,0
TXN-2026-00113,96.76,online,1
TXN-2026-00114,1730.02,pos,0
TXN-2026-00115,71.46,pos,0
TXN-2026-00116,129.26,pos,1
TXN-2026-00117,86.34,pos,0
TXN-2026-00118,22.14,online,1
TXN-2026-00119,354.74,pos,0
TXN-2026-00120,221.92,online,0
TXN-2026-00121,232.58,pos,0
TXN-2026-00122,30.23,pos,0
TXN-2026-00123,484.61,online,0
TXN-2026-00124,16.74,online,0
TXN-2026-00125,182.04,pos,0
TXN-2026-00126,1247.06,online,0
TXN-2026-00127,27.42,pos,0
TXN-2026-00128,45.62,online,0
TXN-2026-00129,101.45,online,1
TXN-2026-00130,49.2,online,0
TXN-2026-00131,14.0,atm,0
TXN-2026-00132,97.74,pos,1
TXN-2026-00133,25.16,online,1
TXN-2026-00134,158.91,pos,0
TXN-2026-00135,29.87,pos,0
TXN-2026-00136,578.2,pos,0
TXN-2026-00137,35.17,pos,0
TXN-2026-00138,61.16,online,0
TXN-2026-00139,238.94,online,0
TXN-2026-00140,20.55,online,1
TXN-2026-00141,118.27,pos,0
TXN-2026-00142,432.06,pos,1
TXN-2026-00143,13.08,atm,0
TXN-2026-00144,112.34,pos,0
TXN-2026-00145,122.96,online,0
TXN-2026-00146,230.02,online,1
TXN-2026-00147,20.4,online,0
TXN-2026-00148,18.46,pos,0
TXN-2026-00149,168.4,online,1
TXN-2026-00150,128.56,pos,0
TXN-2026-00151,121.58,online,0
TXN-2026-00152,136.42,pos,1
TXN-2026-00153,39.8,pos,1
TXN-2026-00154,118.95,pos,0
TXN-2026-00155,127.96,online,0
TXN-2026-00156,38.2,pos,0
TXN-2026-00157,844.66,pos,0
TXN-2026-00158,158.95,pos,0
TXN-2026-00159,21.55,atm,0
TXN-2026-00160,197.92,online,0
TXN-2026-00161,27.95,online,0
TXN-2026-00162,231.48,online,0
TXN-2026-00163,361.52,pos,0
TXN-2026-00164,33.62,pos,0
TXN-2026-00165,286.02,atm,0
TXN-2026-00166,147.72,pos,0
TXN-2026-00167,241.4,pos,0
TXN-2026-00168,876.69,pos,0
TXN-2026-00169,67.06,pos,0
TXN-2026-00170,36.43,pos,1
TXN-2026-00171,30.96,pos,0
TXN-2026-00172,33.82,pos,0
TXN-2026-00173,82.06,pos,0
TXN-2026-00174,135.56,pos,0
TXN-2026-00175,125.47,pos,1
TXN-2026-00176,242.89,pos,0
TXN-2026-00177,91.43,online,0
TXN-2026-00178,515.04,pos,0
TXN-2026-00179,65.52,online,0
TXN-2026-00180,2354.78,online,0
TXN-2026-00181,190.72,online,0
TXN-2026-00182,32.18,pos,0
TXN-2026-00183,24.9,pos,0
TXN-2026-00184,127342.25,pos,0
TXN-2026-00185,68.84,online,0
TXN-2026-00186,212.05,pos,0
TXN-2026-00187,158.84,online,0
TXN-2026-00188,82.48,online,0
TXN-2026-00189,32.58,pos,0
TXN-2026-00190,14.62,pos,0
TXN-2026-00191,52.68,online,1
TXN-2026-00192,251.56,pos,0
TXN-2026-00193,116.39,pos,0
TXN-2026-00194,20.19,online,0
TXN-2026-00195,110.81,pos,0
TXN-2026-00196,142.93,atm,0
TXN-2026-00197,31.17,online,1
TXN-2026-00198,108.25,online,1
TXN-2026-00199,96.53,pos,0
TXN-2026-00200,22.84,pos,0
TXN-2026-00201,138.29,pos,0
TXN-2026-00202,176.43,pos,0
TXN-2026-00203,330.19,pos,0
TXN-2026-00204,318.8,pos,0
TXN-2026-00205,17.23,pos,0
TXN-2026-00206,29.21,pos,0
TXN-2026-00207,167.01,online,1
TXN-2026-00208,166.76,pos,0
TXN-2026-00209,167.01,pos,0
TXN-2026-00210,9166.2,online,0
TXN-2026-00211,178.59,atm,1
TXN-2026-00212,351.66,pos,0
TXN-2026-00213,282.82,pos,1
TXN-2026-00214,196.7,online,0
TXN-2026-00215,61.66,atm,0
TXN-2026-00216,223.8,online,0
TXN-2026-00217,35.61,online,1
TXN-2026-00218,67.75,pos,0
TXN-2026-00219,50.28,pos,0
TXN-2026-00220,99.31,pos,0
TXN-2026-00221,1447.5,online,1
TXN-2026-00222,9.58,online,1
TXN-2026-00223,205.1,atm,1
TXN-2026-00224,13.0,pos,1
TXN-2026-00225,51.09,pos,0
TXN-2026-00226,332.53,pos,0
TXN-2026-00227,97.24,online,0
TXN-2026-00228,24.7,online,0
TXN-2026-00229,38.15,pos,1
TXN-2026-00230,203.47,pos,1
TXN-2026-00231,37.47,pos,0
TXN-2026-00232,116.72,pos,0
TXN-2026-00233,95.08,online,1
TXN-2026-00234,41.19,pos,0
TXN-2026-00235,1179.37,online,0
TXN-2026-00236,192.62,online,0
TXN-2026-00237,7.92,online,0
TXN-2026-00238,112.59,pos,0
TXN-2026-00239,40.68,online,0
TXN-2026-00240,250.37,pos,0
TXN-2026-00241,34.78,pos,1
TXN-2026-00242,78.44,pos,0
TXN-2026-00243,165.01,pos,0
TXN-2026-00244,254.4,pos,1
TXN-2026-00245,21.32,pos,0
TXN-2026-00246,60.26,atm,0
TXN-2026-00247,50.91,pos,1
TXN-2026-00248,41.1,online,0
TXN-2026-00249,748.85,atm,1
TXN-2026-00250,146.35,pos,0
TXN-2026-00251,19.82,online,0
TXN-2026-00252,270.81,pos,0
TXN-2026-00253,1148.93,pos,0
TXN-2026-00254,310.74,pos,0
TXN-2026-00255,14.54,atm,0
TXN-2026-00256,50.35,pos,1
TXN-2026-00257,411.7,online,1
TXN-2026-00258,114438.24,pos,0
TXN-2026-00259,153.33,online,1
TXN-2026-00260,228.05,pos,0
TXN-2026-00261,29.6,online,0
TXN-2026-00262,83.81,online,1
TXN-2026-00263,1.84,online,0
TXN-2026-00264,26.33,atm,0
TXN-2026-00265,66.48,online,0
TXN-2026-00266,20.14,pos,0
TXN-2026-00267,638.35,pos,0
TXN-2026-00268,16.18,pos,0
TXN-2026-00269,53.09,pos,0
TXN-2026-00270,105.31,pos,0
TXN-2026-00271,507.52,pos,0
TXN-2026-00272,16.07,pos,0
TXN-2026-00273,363.51,atm,0
TXN-2026-00274,91.13,pos,0
TXN-2026-00275,27.72,atm,0
TXN-2026-00276,156.73,pos,0
TXN-2026-00277,114.31,online,0
TXN-2026-00278,43.8,online,0
TXN-2026-00279,97.88,pos,0
TXN-2026-00280,56.69,pos,1
TXN-2026-00281,103.15,pos,1
TXN-2026-00282,199.25,pos,1
TXN-2026-00283,603.79,atm,1
TXN-2026-00284,20.38,online,0
TXN-2026-00285,1164.03,pos,0
TXN-2026-00286,8.65,pos,0
TXN-2026-00287,75.03,pos,0
TXN-2026-00288,182.36,pos,1
TXN-2026-00289,126.11,online,0
TXN-2026-00290,42.64,pos,1
TXN-2026-00291,70.12,pos,0
TXN-2026-00292,49.82,pos,1
TXN-2026-00293,44.38,pos,0
TXN-2026-00294,249.52,online,0
TXN-2026-00295,138.16,pos,0
TXN-2026-00296,39.19,atm,1
TXN-2026-00297,264.94,online,1
TXN-2026-00298,130.16,pos,0
TXN-2026-00299,238.75,pos,0
TXN-2026-00300,191.63,online,0
TXN-2026-00301,33.29,atm,1
TXN-2026-00302,45.96,online,0
TXN-2026-00303,220.69,pos,0
TXN-2026-00304,187.25,atm,0
TXN-2026-00305,87.79,pos,0
TXN-2026-00306,103.63,online,0
TXN-2026-00307,417.05,atm,0
TXN-2026-00308,44.26,pos,1
TXN-2026-00309,173.56,atm,1
TXN-2026-00310,70.62,pos,0
TXN-2026-00311,69.32,atm,1
TXN-2026-00312,336.48,pos,0
TXN-2026-00313,242.38,atm,0
TXN-2026-00314,238.94,pos,0
TXN-2026-00315,431.2,online,0
TXN-2026-00316,92.31,pos,1
TXN-2026-00317,204.05,pos,0
TXN-2026-00318,62.03,pos,0
TXN-2026-00319,132.82,online,0
TXN-2026-00320,77.0,pos,0
TXN-2026-00321,101.13,online,1
TXN-2026-00322,183.86,pos,0
TXN-2026-00323,33.72,atm,0
TXN-2026-00324,1108.61,pos,1
TXN-2026-00325,26.92,pos,0
TXN-2026-00326,20.97,pos,0
TXN-2026-00327,361.31,pos,0
TXN-2026-00328,232.76,pos,0
TXN-2026-00329,190.37,pos,1
TXN-2026-00330,191.33,online,0
TXN-2026-00331,88.7,online,0
TXN-2026-00332,30.67,online,1
TXN-2026-00333,98.59,pos,0
TXN-2026-00334,39.94,online,0
TXN-2026-00335,290.08,pos,0
TXN-2026-00336,75.45,online,1
TXN-2026-00337,33.43,pos,0
TXN-2026-00338,61.21,pos,0
TXN-2026-00339,147.75,pos,0
TXN-2026-00340,45.77,online,0
TXN-2026-00341,33.56,pos,0
TXN-2026-00342,120.59,online,0
TXN-2026-00343,120.78,pos,0
TXN-2026-00344,48.99,online,0
TXN-2026-00345,51.15,atm,0
TXN-2026-00346,118.92,pos,1
TXN-2026-00347,15.84,pos,0
TXN-2026-00348,16.63,atm,0
TXN-2026-00349,38.01,pos,0
TXN-2026-00350,69.68,pos,0
TXN-2026-00351,130.72,online,0
TXN-2026-00352,528.7,online,0
TXN-2026-00353,251.94,pos,0
TXN-2026-00354,29177.25,online,1
TXN-2026-00355,87.99,pos,0
TXN-2026-00356,27.03,pos,0
TXN-2026-00357,88.04,online,0
TXN-2026-00358,63.66,pos,1
TXN-2026-00359,132.59,pos,0
TXN-2026-00360,33.36,online,0
TXN-2026-00361,143826.47,online,1
TXN-2026-00362,566.39,online,0
TXN-2026-00363,79.0,atm,0
TXN-2026-00364,145.77,online,0
TXN-2026-00365,206.06,pos,1
TXN-2026-00366,55.62,pos,0
TXN-2026-00367,117.79,online,1
TXN-2026-00368,91.39,pos,0
TXN-2026-00369,101.21,online,0
TXN-2026-00370,35.6,online,0
TXN-2026-00371,92.7,pos,0
TXN-2026-00372,163.63,atm,0
TXN-2026-00373,513.56,pos,0
TXN-2026-00374,284.61,pos,0
TXN-2026-00375,1192.51,atm,0
TXN-2026-00376,35.84,pos,0
TXN-2026-00377,256.41,pos,1
TXN-2026-00378,112.17,pos,0
TXN-2026-00379,1246.09,online,1
TXN-2026-00380,34.13,online,0
TXN-2026-00381,32.86,online,1
TXN-2026-00382,43.85,online,0
TXN-2026-00383,7.04,pos,0
TXN-2026-00384,47.9,online,1
TXN-2026-00385,36.2,online,1
TXN-2026-00386,107.82,pos,0
TXN-2026-00387,135.65,pos,0
TXN-2026-00388,855.26,atm,0
TXN-2026-00389,281.61,online,0
TXN-2026-00390,45.05,online,1
TXN-2026-00391,30.63,online,0
TXN-2026-00392,162.44,pos,1
TXN-2026-00393,18.46,online,0
TXN-2026-00394,810.58,pos,1
TXN-2026-00395,370.68,pos,1
TXN-2026-00396,51.26,online,0
TXN-2026-00397,11.52,pos,0
TXN-2026-00398,456.98,online,1
TXN-2026-00399,78.46,pos,0
TXN-2026-00400,397.57,pos,0
TXN-2026-00401,13.29,pos,0
TXN-2026-00402,43.85,pos,0
TXN-2026-00403,90.59,pos,1
TXN-2026-00404,96336.21,pos,0
TXN-2026-00405,52.45,atm,1
TXN-2026-00406,190.08,pos,0
TXN-2026-00407,25.0,pos,0
TXN-2026-00408,75.88,online,0
TXN-2026-00409,104.0,online,0
TXN-2026-00410,166.89,pos,0
TXN-2026-00411,211.44,online,0
TXN-2026-00412,23.35,online,0
TXN-2026-00413,14.28,pos,1
TXN-2026-00414,417.05,pos,0
TXN-2026-00415,134.13,atm,0
TXN-2026-00416,36.66,online,0
TXN-2026-00417,579.05,online,0
TXN-2026-00418,103.42,pos,0
TXN-2026-00419,370.61,pos,0
TXN-2026-00420,97.61,online,0
TXN-2026-00421,1067.31,pos,0
TXN-2026-00422,739.82,pos,0
TXN-2026-00423,66.77,online,0
TXN-2026-00424,288.84,pos,0
TXN-2026-00425,195.28,online,1
TXN-2026-00426,465.15,online,0
TXN-2026-00427,28.28,pos,0
TXN-2026-00428,205.05,online,0
TXN-2026-00429,320.57,pos,1
TXN-2026-00430,10.91,online,0
TXN-2026-00431,21.76,pos,0
TXN-2026-00432,7.79,pos,1
TXN-2026-00433,65.15,online,0
TXN-2026-00434,212.95,pos,0
TXN-2026-00435,546.11,atm,0
TXN-2026-00436,98.39,pos,0
TXN-2026-00437,635.45,pos,1
TXN-2026-00438,17.18,pos,0
TXN-2026-00439,11.66,pos,0
TXN-2026-00440,84.21,pos,0
TXN-2026-00441,142.72,online,1
TXN-2026-00442,86.55,online,0
TXN-2026-00443,7.53,online,0
TXN-2026-00444,80.89,atm,0
TXN-2026-00445,18.81,pos,0
TXN-2026-00446,201.06,online,0
TXN-2026-00447,139.76,pos,0
TXN-2026-00448,29.14,online,0
TXN-2026-00449,48.59,pos,0
TXN-2026-00450,25.25,atm,0
TXN-2026-00451,83.49,online,0
TXN-2026-00452,283.2,atm,0
TXN-2026-00453,27.58,online,1
TXN-2026-00454,164.82,atm,0
TXN-2026-00455,47.64,online,0
TXN-2026-00456,34.76,pos,0
TXN-2026-00457,79.17,pos,1
TXN-2026-00458,25.99,pos,0
TXN-2026-00459,46.32,pos,0
TXN-2026-00460,21.38,pos,0
TXN-2026-00461,951.15,pos,0
TXN-2026-00462,93.91,pos,1
TXN-2026-00463,38.87,atm,0
TXN-2026-00464,116.37,atm,0
TXN-2026-00465,78.67,pos,1
TXN-2026-00466,69.05,pos,0
TXN-2026-00467,188.1,pos,1
TXN-2026-00468,223.41,pos,0
TXN-2026-00469,47.63,online,0
TXN-2026-00470,45.11,pos,1
TXN-2026-00471,64.71,online,0
TXN-2026-00472,5.68,online,0
TXN-2026-00473,14.61,online,0
TXN-2026-00474,464.17,pos,0
TXN-2026-00475,648.05,online,0
TXN-2026-00476,66.76,pos,0
TXN-2026-00477,179.8,pos,0
TXN-2026-00478,130.78,pos,0
TXN-2026-00479,3621.55,pos,1
TXN-2026-00480,344.98,pos,0
TXN-2026-00481,77.21,pos,0
TXN-2026-00482,28.6,online,0
TXN-2026-00483,13.1,online,0
TXN-2026-00484,114.91,pos,0
TXN-2026-00485,36.32,pos,0
TXN-2026-00486,16.33,online,1
TXN-2026-00487,41.43,pos,1
TXN-2026-00488,24.59,atm,0
TXN-2026-00489,681.69,online,0
TXN-2026-00490,259.3,pos,0
TXN-2026-00491,89.16,pos,0
TXN-2026-00492,531.62,pos,0
TXN-2026-00493,98.77,pos,0
TXN-2026-00494,32.02,pos,0
TXN-2026-00495,559.89,online,0
TXN-2026-00496,171.86,pos,1
TXN-2026-00497,25.93,pos,0
TXN-2026-00498,71.64,online,0
TXN-2026-00499,109089.2,pos,0
TXN-2026-00500,17.13,pos,1
TXN-2026-00501,273.53,pos,1
TXN-2026-00502,890.07,pos,0
TXN-2026-00503,16.81,online,0
TXN-2026-00504,176.9,pos,1
TXN-2026-00505,41.23,online,0
TXN-2026-00506,50.17,pos,1
TXN-2026-00507,44.22,pos,0
TXN-2026-00508,31.92,pos,0
TXN-2026-00509,95.41,online,0
TXN-2026-00510,33.21,pos,0
TXN-2026-00511,124.53,pos,0
TXN-2026-00512,84.75,online,0
TXN-2026-00513,67.58,pos,1
TXN-2026-00514,30.29,pos,0
TXN-2026-00515,45.05,online,0
TXN-2026-00516,222.84,pos,0
TXN-2026-00517,164.2,online,0
TXN-2026-00518,27.85,pos,0
TXN-2026-00519,101.41,online,0
TXN-2026-00520,221.78,online,0
TXN-2026-00521,12.14,pos,0
TXN-2026-00522,172.78,online,1
TXN-2026-00523,40.64,online,0
TXN-2026-00524,178.52,pos,1
TXN-2026-00525,36.02,pos,0
TXN-2026-00526,10.32,online,0
TXN-2026-00527,12.77,online,1
TXN-2026-00528,95.36,pos,0
TXN-2026-00529,122.94,online,0
TXN-2026-00530,30.41,pos,0
TXN-2026-00531,193.7,online,0
TXN-2026-00532,12.26,online,0
TXN-2026-00533,83.15,atm,1
TXN-2026-00534,21.05,pos,0
TXN-2026-00535,41.17,online,0
TXN-2026-00536,95.29,pos,1
TXN-2026-00537,32.06,pos,0
TXN-2026-00538,56.74,pos,0
TXN-2026-00539,301.13,online,0
TXN-2026-00540,45.05,pos,0
TXN-2026-00541,245.39,pos,0
TXN-2026-00542,23.2,online,0
TXN-2026-00543,169.99,online,0
TXN-2026-00544,507.7,online,0
TXN-2026-00545,4.64,atm,0
TXN-2026-00546,34.6,pos,0
TXN-2026-00547,179.92,atm,0
TXN-2026-00548,70.55,online,0
TXN-2026-00549,140.52,pos,0
TXN-2026-00550,43.61,pos,1
TXN-2026-00551,99.87,pos,0
TXN-2026-00552,74.68,pos,0
TXN-2026-00553,365.53,online,0
TXN-2026-00554,122.16,online,0
TXN-2026-00555,134.98,online,0
TXN-2026-00556,54.91,pos,1
TXN-2026-00557,50.14,pos,1
TXN-2026-00558,53.57,online,1
TXN-2026-00559,144.51,pos,1
TXN-2026-00560,54.32,atm,1
TXN-2026-00561,127.45,pos,0
TXN-2026-00562,1086.24,atm,0
TXN-2026-00563,256.04,pos,1
TXN-2026-00564,60.87,pos,0
TXN-2026-00565,380.49,pos,0
TXN-2026-00566,55.16,online,0
TXN-2026-00567,7.8,online,0
TXN-2026-00568,26.85,pos,0
TXN-2026-00569,9.54,atm,0
TXN-2026-00570,59.04,online,0
TXN-2026-00571,92.03,online,1
TXN-2026-00572,672.99,online,0
TXN-2026-00573,133.26,pos,1
TXN-2026-00574,69.21,pos,0
TXN-2026-00575,243.54,atm,0
TXN-2026-00576,6.34,atm,0
TXN-2026-00577,119.43,atm,0
TXN-2026-00578,227.02,atm,0
TXN-2026-00579,15.27,pos,1
TXN-2026-00580,355.14,online,0
TXN-2026-00581,135.12,pos,1
TXN-2026-00582,54.69,atm,0
TXN-2026-00583,192.35,pos,0
TXN-2026-00584,1373.11,online,0
TXN-2026-00585,111.97,pos,0
TXN-2026-00586,121.25,pos,0
TXN-2026-00587,51.87,pos,0
TXN-2026-00588,32.47,online,0
TXN-2026-00589,243.81,online,0
TXN-2026-00590,32.22,pos,0
TXN-2026-00591,98.09,online,0
TXN-2026-00592,50.74,online,0
TXN-2026-00593,159.94,pos,0
TXN-2026-00594,134.34,pos,0
TXN-2026-00595,312.64,online,0
TXN-2026-00596,48.81,online,0
TXN-2026-00597,65.11,pos,0
TXN-2026-00598,27.81,online,1
TXN-2026-00599,52.82,pos,0
TXN-2026-00600,141.57,pos,0
TXN-2026-00601,223.27,pos,0
TXN-2026-00602,29.77,pos,1
TXN-2026-00603,255.58,online,0
TXN-2026-00604,457.95,atm,1
TXN-2026-00605,147.84,pos,0
TXN-2026-00606,855.9,pos,0
TXN-2026-00607,35.57,online,1
TXN-2026-00608,20.21,online,0
TXN-2026-00609,10.65,online,0
TXN-2026-00610,541.99,online,0
TXN-2026-00611,197.4,pos,0
TXN-2026-00612,84.21,online,0
TXN-2026-00613,125.96,pos,0
TXN-2026-00614,23.32,pos,0
TXN-2026-00615,1694.09,pos,1
TXN-2026-00616,105.12,pos,0
TXN-2026-00617,102.64,atm,0
TXN-2026-00618,215.06,online,0
TXN-2026-00619,160.33,pos,1
TXN-2026-00620,117.76,pos,0
TXN-2026-00621,34.86,pos,0
TXN-2026-00622,158.5,pos,1
TXN-2026-00623,861.29,online,1
TXN-2026-00624,452.37,atm,0
TXN-2026-00625,609.0,atm,0
TXN-2026-00626,48.74,online,0
TXN-2026-00627,27.45,online,0
TXN-2026-00628,77.41,pos,1
TXN-2026-00629,96.24,pos,1
TXN-2026-00630,334.63,pos,0
TXN-2026-00631,11.81,online,0
TXN-2026-00632,564.23,online,0
TXN-2026-00633,74.47,pos,1
TXN-2026-00634,53.93,pos,0
TXN-2026-00635,26.72,pos,0
TXN-2026-00636,12.36,atm,0
TXN-2026-00637,241.73,pos,0
TXN-2026-00638,98.3,online,0
TXN-2026-00639,19.15,online,1
TXN-2026-00640,19.03,pos,0
TXN-2026-00641,60.16,online,0
TXN-2026-00642,667.02,online,0
TXN-2026-00643,65.92,pos,1
TXN-2026-00644,14.82,atm,0
TXN-2026-00645,67.03,pos,0
TXN-2026-00646,64.89,pos,1
TXN-2026-00647,3.54,online,1
TXN-2026-00648,84.34,online,1
TXN-2026-00649,68.23,atm,0
TXN-2026-00650,207.57,online,0
TXN-2026-00651,827.78,atm,0
TXN-2026-00652,347.89,online,0
TXN-2026-00653,65.19,online,0
TXN-2026-00654,23.86,online,0
TXN-2026-00655,1974.42,pos,0
TXN-2026-00656,96.65,atm,0
TXN-2026-00657,91.53,pos,0
TXN-2026-00658,87.45,pos,1
TXN-2026-00659,114.17,pos,0
TXN-2026-00660,75.7,online,0
TXN-2026-00661,45.22,pos,0
TXN-2026-00662,46.7,pos,0
TXN-2026-00663,86.55,online,0
TXN-2026-00664,46.89,pos,0
TXN-2026-00665,38.27,online,0
TXN-2026-00666,102.28,pos,1
TXN-2026-00667,66.29,pos,0
TXN-2026-00668,547.19,pos,0
TXN-2026-00669,3.74,online,0
TXN-2026-00670,333.56,pos,0
TXN-2026-00671,401.54,atm,0
TXN-2026-00672,7.48,pos,0
TXN-2026-00673,59.67,pos,0
TXN-2026-00674,57.64,pos,1
TXN-2026-00675,16.63,pos,1
TXN-2026-00676,35.4,online,1
TXN-2026-00677,23.74,online,0
TXN-2026-00678,737.1,online,0
TXN-2026-00679,276.67,pos,1
TXN-2026-00680,414.0,pos,0
TXN-2026-00681,214.01,pos,1
TXN-2026-00682,23.22,atm,0
TXN-2026-00683,47.97,pos,0
TXN-2026-00684,161.94,online,0
TXN-2026-00685,20.77,pos,0
TXN-2026-00686,211.79,pos,1
TXN-2026-00687,67.47,pos,1
TXN-2026-00688,57.41,pos,0
TXN-2026-00689,211.27,online,0
TXN-2026-00690,153.41,pos,1
TXN-2026-00691,58.37,online,0
TXN-2026-00692,361.84,pos,0
TXN-2026-00693,24.6,atm,0
TXN-2026-00694,188.5,pos,0
TXN-2026-00695,183.41,online,0
TXN-2026-00696,62.09,online,0
TXN-2026-00697,133.13,atm,1
TXN-2026-00698,20.06,pos,0
TXN-2026-00699,272.83,online,0
TXN-2026-00700,72.1,pos,0
TXN-2026-00701,48.07,pos,0
TXN-2026-00702,316.97,pos,0
TXN-2026-00703,38.66,pos,0
TXN-2026-00704,16.61,atm,0
TXN-2026-00705,13.9,pos,0
TXN-2026-00706,186.27,online,0
TXN-2026-00707,19.37,online,0
TXN-2026-00708,739.34,pos,0
TXN-2026-00709,7.4,online,0
TXN-2026-00710,689.35,pos,0
TXN-2026-00711,115.96,online,0
TXN-2026-00712,80.15,pos,1
TXN-2026-00713,46.81,atm,0
TXN-2026-00714,145.32,online,1
TXN-2026-00715,86.04,atm,0
TXN-2026-00716,338.31,pos,1
TXN-2026-00717,103.24,pos,0
TXN-2026-00718,107.81,pos,0
TXN-2026-00719,58.19,pos,0
TXN-2026-00720,84.07,pos,0
TXN-2026-00721,130.24,online,0
TXN-2026-00722,11.56,pos,0
TXN-2026-00723,17.85,pos,0
TXN-2026-00724,219.62,online,0
TXN-2026-00725,110.5,online,1
TXN-2026-00726,98510.78,pos,0
TXN-2026-00727,92.03,pos,0
TXN-2026-00728,136.61,pos,0
TXN-2026-00729,47.1,pos,0
TXN-2026-00730,35.38,online,0
TXN-2026-00731,113.87,pos,0
TXN-2026-00732,27.83,online,1
TXN-2026-00733,146.92,online,1
TXN-2026-00734,11.67,online,0
TXN-2026-00735,309.51,pos,0
TXN-2026-00736,158.72,pos,0
TXN-2026-00737,122.39,online,0
TXN-2026-00738,292.72,pos,0
TXN-2026-00739,664.19,pos,0
TXN-2026-00740,304.07,pos,0
TXN-2026-00741,9.88,pos,0
TXN-2026-00742,19.39,online,0
TXN-2026-00743,42.53,pos,1
TXN-2026-00744,92.88,pos,0
TXN-2026-00745,167.53,pos,0
TXN-2026-00746,37.68,online,0
TXN-2026-00747,112.63,online,0
TXN-2026-00748,36.36,online,0
TXN-2026-00749,43.21,pos,0
TXN-2026-00750,16.64,pos,0
TXN-2026-00751,29.73,pos,0
TXN-2026-00752,17.78,online,1
TXN-2026-00753,27.91,online,0
TXN-2026-00754,318.74,online,0
TXN-2026-00755,28.81,pos,1
TXN-2026-00756,2119.34,online,1
TXN-2026-00757,162.71,pos,0
TXN-2026-00758,112.37,online,0
TXN-2026-00759,32.14,pos,0
TXN-2026-00760,208.59,online,0
TXN-2026-00761,45.12,pos,0
TXN-2026-00762,104.21,pos,0
TXN-2026-00763,1943.22,online,0
TXN-2026-00764,80.22,pos,0
TXN-2026-00765,357.5,online,0
TXN-2026-00766,38.71,online,0
TXN-2026-00767,86.32,online,0
TXN-2026-00768,753.67,pos,0
TXN-2026-00769,42.42,pos,0
TXN-2026-00770,792.3,online,0
TXN-2026-00771,210.46,pos,0
TXN-2026-00772,45.83,online,0
TXN-2026-00773,192.27,pos,0
TXN-2026-00774,289.18,pos,1
TXN-2026-00775,189.84,pos,1
TXN-2026-00776,13.68,pos,0
TXN-2026-00777,37.62,pos,1
TXN-2026-00778,66.89,online,0
TXN-2026-00779,82.33,online,0
TXN-2026-00780,189.58,pos,1
TXN-2026-00781,111.41,atm,0
TXN-2026-00782,18.13,pos,0
TXN-2026-00783,142.06,atm,0
TXN-2026-00784,187.3,online,0
TXN-2026-00785,176.22,online,0
TXN-2026-00786,329.29,pos,0
TXN-2026-00787,244.86,pos,0
TXN-2026-00788,156.18,pos,0
TXN-2026-00789,82.75,online,0
TXN-2026-00790,12.27,pos,1
TXN-2026-00791,150.74,online,1
TXN-2026-00792,115.49,pos,0
TXN-2026-00793,124.7,online,0
TXN-2026-00794,19.45,pos,1
TXN-2026-00795,24.6,pos,0
TXN-2026-00796,318.55,pos,0
TXN-2026-00797,85.84,pos,0
TXN-2026-00798,203.93,pos,1
TXN-2026-00799,93.13,online,0
TXN-2026-00800,93.29,pos,0
TXN-2026-00801,277.53,pos,0
TXN-2026-00802,48.46,online,0
TXN-2026-00803,101.02,pos,0
TXN-2026-00804,51.69,atm,0
TXN-2026-00805,53.44,atm,0
TXN-2026-00806,62.12,pos,0
TXN-2026-00807,117.51,pos,0
TXN-2026-00808,50.68,pos,1
TXN-2026-00809,406.23,online,1
TXN-2026-00810,30.77,online,0
TXN-2026-00811,71.93,online,0
TXN-2026-00812,53.11,online,0
TXN-2026-00813,511.0,pos,0
TXN-2026-00814,113.96,online,0
TXN-2026-00815,310.51,online,0
TXN-2026-00816,15.14,online,0
TXN-2026-00817,124.02,online,0
TXN-2026-00818,261.79,online,1
TXN-2026-00819,99.36,pos,0
TXN-2026-00820,323.3,pos,0
TXN-2026-00821,48.39,pos,0
TXN-2026-00822,488.44,pos,1
TXN-2026-00823,1420.38,atm,1
TXN-2026-00824,58.24,pos,0
TXN-2026-00825,52.74,online,0
TXN-2026-00826,514.95,pos,0
TXN-2026-00827,599.13,pos,0
TXN-2026-00828,48.07,atm,0
TXN-2026-00829,54.37,online,0
TXN-2026-00830,64.19,pos,0
TXN-2026-00831,17.93,pos,0
TXN-2026-00832,29.89,pos,0
TXN-2026-00833,26.98,pos,0
TXN-2026-00834,35.82,pos,0
TXN-2026-00835,86.35,pos,1
TXN-2026-00836,119.23,atm,0
TXN-2026-00837,578.59,online,1
TXN-2026-00838,27.17,online,0
TXN-2026-00839,293.3,online,1
TXN-2026-00840,69.63,pos,1
TXN-2026-00841,84.83,online,0
TXN-2026-00842,202.31,pos,1
TXN-2026-00843,23.4,online,0
TXN-2026-00844,142.44,pos,0
TXN-2026-00845,73391.31,pos,0
TXN-2026-00846,162.54,online,0
TXN-2026-00847,127.36,online,0
TXN-2026-00848,1713.61,online,0
TXN-2026-00849,41.88,atm,0
TXN-2026-00850,47.6,pos,0
TXN-2026-00851,42.62,pos,0
TXN-2026-00852,46.22,pos,0
TXN-2026-00853,41.89,online,0
TXN-2026-00854,374.96,online,1
TXN-2026-00855,495.02,pos,0
TXN-2026-00856,45.38,online,0
TXN-2026-00857,33.15,online,1
TXN-2026-00858,158.49,pos,0
TXN-2026-00859,46.4,online,0
TXN-2026-00860,192.39,online,0
TXN-2026-00861,114.84,atm,0
TXN-2026-00862,14.6,pos,1
TXN-2026-00863,576.52,pos,0
TXN-2026-00864,776.7,pos,0
TXN-2026-00865,43.15,pos,0
TXN-2026-00866,56.53,atm,0
TXN-2026-00867,126.85,pos,1
TXN-2026-00868,134.47,online,1
TXN-2026-00869,198.39,pos,1
TXN-2026-00870,1004.5,pos,0
TXN-2026-00871,72.8,pos,0
TXN-2026-00872,34.54,online,0
TXN-2026-00873,17.2,online,0
TXN-2026-00874,37.45,pos,0
TXN-2026-00875,86.51,atm,0
TXN-2026-00876,775.47,pos,1
TXN-2026-00877,48.37,pos,0
TXN-2026-00878,117.75,pos,0
TXN-2026-00879,88.26,pos,0
TXN-2026-00880,374.68,atm,0
TXN-2026-00881,1867.43,pos,0
TXN-2026-00882,47.61,pos,0
TXN-2026-00883,50.03,pos,0
TXN-2026-00884,315.13,online,0
TXN-2026-00885,204.03,pos,0
TXN-2026-00886,825.55,online,0
TXN-2026-00887,181.4,pos,0
TXN-2026-00888,58.49,pos,0
TXN-2026-00889,182.87,online,0
TXN-2026-00890,340.51,pos,1
TXN-2026-00891,240.95,online,0
TXN-2026-00892,165.46,pos,0
TXN-2026-00893,323.76,online,1
TXN-2026-00894,366.19,pos,0
TXN-2026-00895,472.76,online,0
TXN-2026-00896,196.07,pos,0
TXN-2026-00897,73.66,pos,0
TXN-2026-00898,107.35,pos,1
TXN-2026-00899,382.91,pos,0
TXN-2026-00900,33.77,pos,0
TXN-2026-00901,140.11,pos,0
TXN-2026-00902,56.15,online,0
TXN-2026-00903,93.18,online,0
TXN-2026-00904,417.44,online,0
TXN-2026-00905,113.22,online,0
TXN-2026-00906,95.18,pos,0
TXN-2026-00907,17.6,pos,1
TXN-2026-00908,220.41,pos,0
TXN-2026-00909,195.31,online,0
TXN-2026-00910,1207.02,pos,0
TXN-2026-00911,62.22,pos,1
TXN-2026-00912,117.09,online,0
TXN-2026-00913,121.42,pos,1
TXN-2026-00914,597.61,online,0
TXN-2026-00915,80.29,online,1
TXN-2026-00916,125.82,pos,0
TXN-2026-00917,186.69,pos,0
TXN-2026-00918,112.61,pos,0
TXN-2026-00919,52.68,online,1
TXN-2026-00920,113.63,pos,0
TXN-2026-00921,326.48,online,1
TXN-2026-00922,26.26,online,1
TXN-2026-00923,105.59,pos,0
TXN-2026-00924,38.86,pos,0
TXN-2026-00925,377.68,online,0
TXN-2026-00926,14.47,pos,1
TXN-2026-00927,46.03,online,0
TXN-2026-00928,141.55,pos,1
TXN-2026-00929,589.12,online,0
TXN-2026-00930,83.19,online,0
TXN-2026-00931,46.24,online,0
TXN-2026-00932,860.39,pos,0
TXN-2026-00933,15.84,pos,1
TXN-2026-00934,6.43,online,0
TXN-2026-00935,152.63,pos,0
TXN-2026-00936,49.28,pos,0
TXN-2026-00937,26.43,atm,0
TXN-2026-00938,210.61,pos,0
TXN-2026-00939,120.61,pos,0
TXN-2026-00940,45.75,pos,1
TXN-2026-00941,19.37,online,0
TXN-2026-00942,256.45,online,0
TXN-2026-00943,196.42,pos,0
TXN-2026-00944,79.92,pos,0
TXN-2026-00945,825.48,pos,0
TXN-2026-00946,24.93,online,0
TXN-2026-00947,14.43,pos,0
TXN-2026-00948,39.24,atm,0
TXN-2026-00949,85.23,pos,0
TXN-2026-00950,120.54,atm,0
TXN-2026-00951,67.39,pos,1
TXN-2026-00952,137.34,online,0
TXN-2026-00953,20.05,pos,0
TXN-2026-00954,509.04,pos,0
TXN-2026-00955,81.57,online,0
TXN-2026-00956,344.04,online,1
TXN-2026-00957,135.81,pos,0
TXN-2026-00958,155.73,online,0
TXN-2026-00959,178.35,online,0
TXN-2026-00960,154.05,online,0
TXN-2026-00961,194.66,pos,0
TXN-2026-00962,443.63,pos,1
TXN-2026-00963,113.96,pos,0
TXN-2026-00964,210.78,pos,0
TXN-2026-00965,80.83,online,0
TXN-2026-00966,506.81,pos,0
TXN-2026-00967,39.98,pos,0
TXN-2026-00968,781.43,online,0
TXN-2026-00969,85.78,online,0
TXN-2026-00970,16.17,pos,0
TXN-2026-00971,104.98,pos,1
TXN-2026-00972,39.76,atm,0
TXN-2026-00973,246.85,pos,1
TXN-2026-00974,41.13,online,0
TXN-2026-00975,52.7,online,0
TXN-2026-00976,9.32,pos,1
TXN-2026-00977,52.31,atm,0
TXN-2026-00978,4.91,online,1
TXN-2026-00979,13.45,pos,0
TXN-2026-00980,224.19,online,0
TXN-2026-00981,231.13,online,0
TXN-2026-00982,149.99,online,1
TXN-2026-00983,28.21,online,1
TXN-2026-00984,85.01,pos,0
TXN-2026-00985,89.63,pos,0
TXN-2026-00986,22.42,pos,0
TXN-2026-00987,546.8,pos,1
TXN-2026-00988,257.97,pos,0
TXN-2026-00989,69.05,online,0
TXN-2026-00990,92.97,online,0
TXN-2026-00991,115.59,online,0
TXN-2026-00992,7.77,online,0
TXN-2026-00993,66.91,online,1
TXN-2026-00994,39.71,pos,0
TXN-2026-00995,27.06,online,1
TXN-2026-00996,64.24,pos,0
TXN-2026-00997,778.39,atm,0
TXN-2026-00998,194.22,online,0
TXN-2026-00999,45.36,pos,0
TXN-2026-01000,178.95,online,1
TXN-2026-01001,482.62,pos,0
TXN-2026-01002,273.02,pos,0
TXN-2026-01003,96.69,online,0
TXN-2026-01004,41.42,pos,0
TXN-2026-01005,208.07,pos,1
TXN-2026-01006,144.34,atm,0
TXN-2026-01007,65641.62,online,0
TXN-2026-01008,192.91,online,0
TXN-2026-01009,317.18,online,0
TXN-2026-01010,47.36,pos,0
TXN-2026-01011,437.41,pos,0
TXN-2026-01012,114.11,online,0
TXN-2026-01013,1086.06,atm,0
TXN-2026-01014,39.37,pos,1
TXN-2026-01015,722.82,online,0
TXN-2026-01016,114.15,atm,0
TXN-2026-01017,41.19,online,1
TXN-2026-01018,50.37,atm,1
TXN-2026-01019,61.29,pos,1
TXN-2026-01020,149.75,atm,1
TXN-2026-01021,168.58,online,0
TXN-2026-01022,45.22,pos,0
TXN-2026-01023,87.42,atm,0
TXN-2026-01024,1177.0,pos,0
TXN-2026-01025,715.55,pos,1
TXN-2026-01026,151.96,online,0
TXN-2026-01027,94.22,pos,0
TXN-2026-01028,103.96,pos,0
TXN-2026-01029,187.96,online,0
TXN-2026-01030,26.38,pos,1
TXN-2026-01031,66.1,pos,0
TXN-2026-01032,12.15,pos,0
TXN-2026-01033,145.34,pos,1
TXN-2026-01034,195.71,online,0
TXN-2026-01035,50.41,online,0
TXN-2026-01036,595.13,atm,0
TXN-2026-01037,20.68,online,0
TXN-2026-01038,15.53,pos,1
TXN-2026-01039,117.84,atm,0
TXN-2026-01040,316.25,online,0
TXN-2026-01041,679.06,online,0
TXN-2026-01042,51.9,online,1
TXN-2026-01043,328.46,atm,0
TXN-2026-01044,85.95,online,1
TXN-2026-01045,73.17,pos,0
TXN-2026-01046,259.92,online,0
TXN-2026-01047,196.92,pos,1
TXN-2026-01048,13.58,pos,0
TXN-2026-01049,529.46,pos,0
TXN-2026-01050,471.59,pos,0
TXN-2026-01051,42.49,pos,0
TXN-2026-01052,144.74,pos,0
TXN-2026-01053,162.85,online,0
TXN-2026-01054,123.08,online,0
TXN-2026-01055,46.51,atm,1
TXN-2026-01056,40.21,pos,0
TXN-2026-01057,87.3,online,0
TXN-2026-01058,367.7,atm,1
TXN-2026-01059,172.83,pos,0
TXN-2026-01060,57.7,online,0
TXN-2026-01061,227.25,online,0
TXN-2026-01062,2.95,pos,0
TXN-2026-01063,357.28,online,0
TXN-2026-01064,11.16,online,0
TXN-2026-01065,58.27,pos,0
TXN-2026-01066,23.49,pos,0
TXN-2026-01067,19.04,pos,0
TXN-2026-01068,362.49,pos,0
TXN-2026-01069,51.35,pos,0
TXN-2026-01070,136.43,pos,0
TXN-2026-01071,85.09,pos,0
TXN-2026-01072,159.56,atm,0
TXN-2026-01073,98.71,pos,1
TXN-2026-01074,19.31,pos,1
TXN-2026-01075,297.53,pos,1
TXN-2026-01076,49.77,pos,0
TXN-2026-01077,13.9,pos,0
TXN-2026-01078,53.85,pos,0
TXN-2026-01079,545.07,pos,0
TXN-2026-01080,249.7,online,0
TXN-2026-01081,59.24,atm,0
TXN-2026-01082,59.2,pos,0
TXN-2026-01083,61.19,pos,0
TXN-2026-01084,1088.0,online,1
TXN-2026-01085,142.35,online,0
TXN-2026-01086,150.81,pos,1
TXN-2026-01087,309.93,atm,0
TXN-2026-01088,119.89,online,1
TXN-2026-01089,65.97,pos,0
TXN-2026-01090,71.12,online,1
TXN-2026-01091,82.61,atm,0
TXN-2026-01092,86.08,online,0
TXN-2026-01093,215.54,pos,0
TXN-2026-01094,95.81,pos,0
TXN-2026-01095,216.84,pos,1
TXN-2026-01096,81.71,pos,1
TXN-2026-01097,98.93,online,0
TXN-2026-01098,8.18,online,0
TXN-2026-01099,270.32,online,0
TXN-2026-01100,136.43,atm,1
TXN-2026-01101,298.15,pos,0
TXN-2026-01102,2.79,online,0
TXN-2026-01103,1103.29,online,0
TXN-2026-01104,76.13,pos,0
TXN-2026-01105,340.3,online,0
TXN-2026-01106,25.84,pos,0
TXN-2026-01107,187.79,online,0
TXN-2026-01108,25.43,pos,1
TXN-2026-01109,42.58,pos,0
TXN-2026-01110,895.01,online,0
TXN-2026-01111,71.61,online,0
TXN-2026-01112,116.85,pos,0
TXN-2026-01113,255.72,pos,0
TXN-2026-01114,163.17,pos,1
TXN-2026-01115,107.82,online,1
TXN-2026-01116,139.48,online,1
TXN-2026-01117,1610.18,atm,1
TXN-2026-01118,84.0,pos,0
TXN-2026-01119,114.59,online,0
TXN-2026-01120,317.6,pos,0
TXN-2026-01121,339.21,online,1
TXN-2026-01122,374.07,pos,0
TXN-2026-01123,193.73,pos,0
TXN-2026-01124,22.84,online,0
TXN-2026-01125,639.14,pos,0
TXN-2026-01126,22.75,online,0
TXN-2026-01127,129.43,online,1
TXN-2026-01128,36.41,pos,0
TXN-2026-01129,83.35,pos,1
TXN-2026-01130,133.56,online,0
TXN-2026-01131,132.37,online,0
TXN-2026-01132,149.35,pos,1
TXN-2026-01133,624.19,pos,1
TXN-2026-01134,155.13,online,0
TXN-2026-01135,67.16,online,0
TXN-2026-01136,286.26,pos,0
TXN-2026-01137,375.16,pos,0
TXN-2026-01138,20.63,online,0
TXN-2026-01139,184.36,online,1
TXN-2026-01140,208.81,atm,0
TXN-2026-01141,62.99,online,0
TXN-2026-01142,469.12,atm,0
TXN-2026-01143,75.18,pos,1
TXN-2026-01144,104.66,online,1
TXN-2026-01145,73.14,pos,0
TXN-2026-01146,91.72,online,0
TXN-2026-01147,24.15,pos,1
TXN-2026-01148,15.99,pos,0
TXN-2026-01149,609.97,online,0
TXN-2026-01150,32.58,online,1
TXN-2026-01151,27.39,pos,1
TXN-2026-01152,6.79,online,0
TXN-2026-01153,85533.27,pos,0
TXN-2026-01154,18.4,pos,0
TXN-2026-01155,645.75,online,0
TXN-2026-01156,302.41,pos,0
TXN-2026-01157,39.42,atm,0
TXN-2026-01158,1343.35,pos,0
TXN-2026-01159,292.4,online,0
TXN-2026-01160,60.96,online,0
TXN-2026-01161,4.48,pos,0
TXN-2026-01162,1406.88,pos,0
TXN-2026-01163,16.99,online,0
TXN-2026-01164,12.5,online,0
TXN-2026-01165,307.07,pos,0
TXN-2026-01166,1681.94,pos,1
TXN-2026-01167,473.96,pos,0
TXN-2026-01168,177.1,pos,1
TXN-2026-01169,183.77,pos,0
TXN-2026-01170,250.66,pos,0
TXN-2026-01171,223.79,online,0
TXN-2026-01172,126.14,online,0
TXN-2026-01173,102.01,atm,1
TXN-2026-01174,83.5,online,1
TXN-2026-01175,36.42,atm,1
TXN-2026-01176,93747.37,online,0
TXN-2026-01177,11.8,online,0
TXN-2026-01178,80.0,atm,0
TXN-2026-01179,27.49,online,0
TXN-2026-01180,23.94,pos,0
TXN-2026-01181,111.71,online,1
TXN-2026-01182,478.38,atm,1
TXN-2026-01183,270.96,online,0
TXN-2026-01184,13.67,online,0
TXN-2026-01185,27.45,online,0
TXN-2026-01186,278.36,atm,0
TXN-2026-01187,27.69,pos,0
TXN-2026-01188,68.75,online,1
TXN-2026-01189,174.18,pos,0
TXN-2026-01190,28.16,online,0
TXN-2026-01191,102.15,online,0
TXN-2026-01192,18.16,pos,0
TXN-2026-01193,43.74,pos,1
TXN-2026-01194,132.12,online,0
TXN-2026-01195,13.31,pos,1
TXN-2026-01196,152.71,pos,0
TXN-2026-01197,87.92,online,0
TXN-2026-01198,174.69,pos,0
TXN-2026-01199,117.77,pos,0
TXN-2026-01200,462.65,atm,0
TXN-2026-01201,104.61,pos,0
TXN-2026-01202,53.77,pos,0
TXN-2026-01203,104.25,online,0
TXN-2026-01204,172.77,online,1
TXN-2026-01205,95.45,atm,1
TXN-2026-01206,94.51,atm,0
TXN-2026-01207,38.77,online,1
TXN-2026-01208,40.63,pos,0
TXN-2026-01209,16.72,pos,0
TXN-2026-01210,734.72,pos,0
TXN-2026-01211,20.23,pos,1
TXN-2026-01212,39.19,online,0
TXN-2026-01213,38.01,online,0
TXN-2026-01214,263.46,pos,0
TXN-2026-01215,63.18,online,0
TXN-2026-01216,402.34,pos,0
TXN-2026-01217,40.12,pos,0
TXN-2026-01218,125.81,online,0
TXN-2026-01219,33.04,pos,1
TXN-2026-01220,1181.07,pos,1
TXN-2026-01221,21.65,pos,1
TXN-2026-01222,130.55,pos,0
TXN-2026-01223,192.58,online,0
TXN-2026-01224,147.9,atm,0
TXN-2026-01225,72.07,pos,0
TXN-2026-01226,77.03,pos,1
TXN-2026-01227,94.88,online,0
TXN-2026-01228,75.46,atm,1
TXN-2026-01229,286.19,pos,0
TXN-2026-01230,1277.46,pos,1
TXN-2026-01231,46.11,online,0
TXN-2026-01232,17.4,online,0
TXN-2026-01233,80.97,pos,0
TXN-2026-01234,1989.53,online,0
TXN-2026-01235,34.32,pos,0
TXN-2026-01236,643.51,pos,0
TXN-2026-01237,674.01,pos,0
TXN-2026-01238,46.33,online,1
TXN-2026-01239,178.18,pos,0
TXN-2026-01240,635.29,pos,0
TXN-2026-01241,57.11,pos,0
TXN-2026-01242,70.51,online,0
TXN-2026-01243,44.79,pos,0
TXN-2026-01244,26.64,pos,0
TXN-2026-01245,41.3,pos,0
TXN-2026-01246,20.72,online,0
TXN-2026-01247,93.78,pos,0
TXN-2026-01248,35.73,pos,0
TXN-2026-01249,119.17,pos,0
TXN-2026-01250,13.91,online,0
TXN-2026-01251,133.9,online,0
TXN-2026-01252,244.75,online,0
TXN-2026-01253,8.23,online,0
TXN-2026-01254,141.02,atm,0
TXN-2026-01255,392.76,pos,0
TXN-2026-01256,21.08,atm,1
TXN-2026-01257,669.87,pos,0
TXN-2026-01258,148.83,pos,0
TXN-2026-01259,38.63,online,0
TXN-2026-01260,84.19,pos,0
TXN-2026-01261,175.91,pos,0
TXN-2026-01262,98.61,pos,1
TXN-2026-01263,171.83,online,1
TXN-2026-01264,29.82,pos,0
TXN-2026-01265,110.3,online,0
TXN-2026-01266,16.5,online,1
TXN-2026-01267,78.77,online,1
TXN-2026-01268,30.43,pos,0
TXN-2026-01269,37.24,atm,0
TXN-2026-01270,396.75,pos,0
TXN-2026-01271,333.48,pos,0
TXN-2026-01272,186.97,pos,0
TXN-2026-01273,24.27,online,1
TXN-2026-01274,61.58,pos,0
TXN-2026-01275,385.95,pos,1
TXN-2026-01276,106.7,pos,0
TXN-2026-01277,1455.63,pos,0
TXN-2026-01278,144.31,online,0
TXN-2026-01279,113.35,online,0
TXN-2026-01280,62.12,online,0
TXN-2026-01281,105.66,pos,0
TXN-2026-01282,74.97,pos,1
TXN-2026-01283,210.55,atm,1
TXN-2026-01284,283.74,pos,0
TXN-2026-01285,35.05,online,0
TXN-2026-01286,18.22,pos,0
TXN-2026-01287,9.94,atm,1
TXN-2026-01288,165.6,pos,0
TXN-2026-01289,23.95,pos,0
TXN-2026-01290,6.8,online,0
TXN-2026-01291,143.49,online,0
TXN-2026-01292,1792.92,pos,0
TXN-2026-01293,89.36,online,1
TXN-2026-01294,246.21,online,1
TXN-2026-01295,99.3,pos,0
TXN-2026-01296,79.94,pos,0
TXN-2026-01297,271.21,pos,0
TXN-2026-01298,63.54,pos,1
TXN-2026-01299,124.07,online,0
TXN-2026-01300,132.43,pos,0
TXN-2026-01301,40.38,pos,0
TXN-2026-01302,296.03,pos,0
TXN-2026-01303,72.97,pos,0
TXN-2026-01304,36.35,pos,0
TXN-2026-01305,171.37,pos,0
TXN-2026-01306,30.63,pos,0
TXN-2026-01307,93.11,atm,0
TXN-2026-01308,89.04,pos,0
TXN-2026-01309,331.32,online,0
TXN-2026-01310,159.12,pos,0
TXN-2026-01311,87.35,pos,0
TXN-2026-01312,240.16,pos,1
TXN-2026-01313,477.35,pos,0
TXN-2026-01314,175.8,atm,0
TXN-2026-01315,56413.46,atm,0
TXN-2026-01316,18.65,online,0
TXN-2026-01317,25.07,online,0
TXN-2026-01318,62.41,pos,0
TXN-2026-01319,43.32,pos,0
TXN-2026-01320,71.93,atm,0
TXN-2026-01321,96.35,online,1
TXN-2026-01322,169.97,online,1
TXN-2026-01323,82.72,pos,1
TXN-2026-01324,161.39,pos,0
TXN-2026-01325,97.26,atm,1
TXN-2026-01326,8.41,pos,0
TXN-2026-01327,29.16,pos,0
TXN-2026-01328,75.72,pos,0
TXN-2026-01329,21.08,online,0
TXN-2026-01330,184.92,pos,1
TXN-2026-01331,565.04,online,0
TXN-2026-01332,388.59,pos,0
TXN-2026-01333,69.68,online,0
TXN-2026-01334,538.55,online,1
TXN-2026-01335,107.6,pos,0
TXN-2026-01336,60.07,online,1
TXN-2026-01337,43.12,pos,0
TXN-2026-01338,62.62,pos,0
TXN-2026-01339,56.5,online,0
TXN-2026-01340,110.44,pos,0
TXN-2026-01341,109.15,pos,0
TXN-2026-01342,90.35,pos,0
TXN-2026-01343,152.07,pos,0
TXN-2026-01344,375.69,online,0
TXN-2026-01345,281.31,pos,0
TXN-2026-01346,15.15,atm,0
TXN-2026-01347,4.2,atm,0
TXN-2026-01348,276.22,pos,0
TXN-2026-01349,17.46,pos,0
TXN-2026-01350,68.74,online,0
TXN-2026-01351,52142.55,pos,0
TXN-2026-01352,10.36,pos,0
TXN-2026-01353,172.39,pos,0
TXN-2026-01354,223.85,online,1
TXN-2026-01355,45.07,online,0
TXN-2026-01356,4.02,pos,1
TXN-2026-01357,46.74,pos,0
TXN-2026-01358,144.05,atm,0
TXN-2026-01359,15.26,online,0
TXN-2026-01360,112.17,online,1
TXN-2026-01361,88.38,online,0
TXN-2026-01362,180.4,pos,0
TXN-2026-01363,103.91,online,1
TXN-2026-01364,28.0,pos,0
TXN-2026-01365,378.38,pos,0
TXN-2026-01366,74.42,online,0
TXN-2026-01367,87.12,pos,0
TXN-2026-01368,29.37,atm,0
TXN-2026-01369,52.88,pos,0
TXN-2026-01370,31.13,atm,0
TXN-2026-01371,73.15,atm,0
TXN-2026-01372,702.08,pos,0
TXN-2026-01373,17.35,online,0
TXN-2026-01374,12.98,pos,0
TXN-2026-01375,526.05,atm,0
TXN-2026-01376,70.02,pos,0
TXN-2026-01377,40.33,online,0
TXN-2026-01378,313.53,pos,0
TXN-2026-01379,43.52,pos,0
TXN-2026-01380,805.3,pos,1
TXN-2026-01381,203.06,pos,0
TXN-2026-01382,50.12,online,0
TXN-2026-01383,1198.43,online,0
TXN-2026-01384,43.52,online,0
TXN-2026-01385,219.32,pos,1
TXN-2026-01386,128.91,pos,0
TXN-2026-01387,429.27,pos,0
TXN-2026-01388,586.29,online,0
TXN-2026-01389,93.54,atm,0
TXN-2026-01390,36.45,pos,0
TXN-2026-01391,156.33,pos,0
TXN-2026-01392,39.91,pos,0
TXN-2026-01393,1008.34,online,0
TXN-2026-01394,106.04,online,0
TXN-2026-01395,58.07,online,0
TXN-2026-01396,112.35,pos,0
TXN-2026-01397,17.88,online,0
TXN-2026-01398,28.05,online,1
TXN-2026-01399,380.12,pos,0
TXN-2026-01400,40.92,pos,1
TXN-2026-01401,25.63,pos,0
TXN-2026-01402,171.4,pos,1
TXN-2026-01403,373.47,online,0
TXN-2026-01404,213.31,pos,0
TXN-2026-01405,297.45,online,1
TXN-2026-01406,36.3,online,1
TXN-2026-01407,16.34,pos,0
TXN-2026-01408,545.44,online,0
TXN-2026-01409,61.12,pos,0
TXN-2026-01410,66.62,pos,1
TXN-2026-01411,443.12,pos,0
TXN-2026-01412,175.47,pos,0
TXN-2026-01413,155.57,pos,0
TXN-2026-01414,1209.55,pos,0
TXN-2026-01415,41.59,pos,0
TXN-2026-01416,274.08,pos,0
TXN-2026-01417,96.39,atm,1
TXN-2026-01418,124.25,pos,0
TXN-2026-01419,563.5,online,0
TXN-2026-01420,165.57,pos,0
TXN-2026-01421,171.74,online,0
TXN-2026-01422,326.04,pos,0
TXN-2026-01423,58.09,atm,0
TXN-2026-01424,32.88,pos,0
TXN-2026-01425,25.69,online,0
TXN-2026-01426,8.5,pos,0
TXN-2026-01427,1061.51,pos,0
TXN-2026-01428,23.95,online,0
TXN-2026-01429,69.03,pos,0
TXN-2026-01430,64.57,pos,0
TXN-2026-01431,130.18,pos,0
TXN-2026-01432,239.58,online,0
TXN-2026-01433,252.79,atm,1
TXN-2026-01434,44.71,pos,0
TXN-2026-01435,73.66,online,0
TXN-2026-01436,126.36,pos,0
TXN-2026-01437,66.79,pos,0
TXN-2026-01438,619.44,atm,0
TXN-2026-01439,162.26,online,0
TXN-2026-01440,217.42,online,0
TXN-2026-01441,199.43,pos,0
TXN-2026-01442,368.03,pos,0
TXN-2026-01443,111.86,pos,0
TXN-2026-01444,18.99,pos,0
TXN-2026-01445,145.42,pos,0
TXN-2026-01446,41.2,online,1
TXN-2026-01447,47.73,online,1
TXN-2026-01448,181.93,pos,1
TXN-2026-01449,397.8,pos,1
TXN-2026-01450,92.34,online,0
TXN-2026-01451,130.4,pos,1
TXN-2026-01452,694.13,online,0
TXN-2026-01453,120.17,pos,0
TXN-2026-01454,2042.68,pos,1
TXN-2026-01455,177.44,atm,0
TXN-2026-01456,10.88,pos,1
TXN-2026-01457,222.3,pos,0
TXN-2026-01458,142.22,pos,0
TXN-2026-01459,423.14,atm,0
TXN-2026-01460,201.91,online,0
TXN-2026-01461,76.24,pos,0
TXN-2026-01462,20.71,pos,1
TXN-2026-01463,70.05,online,0
TXN-2026-01464,32.44,pos,0
TXN-2026-01465,44.85,online,0
TXN-2026-01466,182.42,pos,0
TXN-2026-01467,667.73,pos,0
TXN-2026-01468,144.55,online,0
TXN-2026-01469,21.43,pos,0
TXN-2026-01470,153.47,online,0
TXN-2026-01471,378.4,pos,0
TXN-2026-01472,43.3,pos,0
TXN-2026-01473,76.64,atm,0
TXN-2026-01474,91.62,pos,0
TXN-2026-01475,35.1,online,1
TXN-2026-01476,195.97,pos,0
TXN-2026-01477,77.86,online,0
TXN-2026-01478,148.92,online,0
TXN-2026-01479,31.03,pos,0
TXN-2026-01480,53.25,online,0
TXN-2026-01481,214.19,online,0
TXN-2026-01482,57.55,pos,1
TXN-2026-01483,715.05,online,0
TXN-2026-01484,55.73,online,0
TXN-2026-01485,117.87,pos,0
TXN-2026-01486,275.64,pos,0
TXN-2026-01487,16.41,pos,1
TXN-2026-01488,10.88,pos,0
TXN-2026-01489,14.43,online,1
TXN-2026-01490,409.57,pos,0
TXN-2026-01491,46.42,atm,0
TXN-2026-01492,1938.83,pos,0
TXN-2026-01493,45.74,pos,0
TXN-2026-01494,112.33,online,0
TXN-2026-01495,572.8,pos,0
TXN-2026-01496,999.56,pos,0
TXN-2026-01497,1068.28,pos,0
TXN-2026-01498,383.77,pos,0
TXN-2026-01499,307.62,pos,0
TXN-2026-01500,183.28,atm,1
TXN-2026-01501,229.07,pos,0
TXN-2026-01502,46.46,online,0
TXN-2026-01503,33.72,online,0
TXN-2026-01504,89.65,pos,0
TXN-2026-01505,73.39,pos,0
TXN-2026-01506,52.25,online,0
TXN-2026-01507,207.61,online,0
TXN-2026-01508,283.26,pos,0
TXN-2026-01509,100.09,pos,0
TXN-2026-01510,530.08,pos,0
TXN-2026-01511,22.87,pos,1
TXN-2026-01512,71.35,online,0
TXN-2026-01513,38.08,online,0
TXN-2026-01514,9.58,pos,0
TXN-2026-01515,81.51,online,1
TXN-2026-01516,77.78,online,0
TXN-2026-01517,553.43,pos,0
TXN-2026-01518,191.9,pos,1
TXN-2026-01519,26.34,online,0
TXN-2026-01520,832.9,online,0
TXN-2026-01521,389.65,online,0
TXN-2026-01522,181.0,pos,1
TXN-2026-01523,68.59,pos,1
TXN-2026-01524,28.46,pos,0
TXN-2026-01525,57.59,online,0
TXN-2026-01526,332.45,online,0
TXN-2026-01527,863.94,pos,0
TXN-2026-01528,573.58,online,0
TXN-2026-01529,50.07,online,0
TXN-2026-01530,23.49,online,1
TXN-2026-01531,106.6,atm,0
TXN-2026-01532,10.78,pos,0
TXN-2026-01533,132.66,atm,0
TXN-2026-01534,75.41,pos,0
TXN-2026-01535,51.46,pos,0
TXN-2026-01536,13.28,online,0
TXN-2026-01537,166.72,atm,0
TXN-2026-01538,47.5,pos,0
TXN-2026-01539,22.11,online,0
TXN-2026-01540,2.87,online,1
TXN-2026-01541,87.09,online,0
TXN-2026-01542,754.99,pos,0
TXN-2026-01543,660.84,online,0
TXN-2026-01544,52.01,pos,0
TXN-2026-01545,43.7,pos,0
TXN-2026-01546,157.99,pos,0
TXN-2026-01547,27.17,pos,1
TXN-2026-01548,129.3,atm,0
TXN-2026-01549,225.72,pos,0
TXN-2026-01550,392.41,atm,0
TXN-2026-01551,79.82,pos,0
TXN-2026-01552,70.5,online,0
TXN-2026-01553,31.39,online,0
TXN-2026-01554,33.37,online,1
TXN-2026-01555,68.6,online,1
TXN-2026-01556,139.89,online,0
TXN-2026-01557,269.43,online,0
TXN-2026-01558,34.34,online,0
TXN-2026-01559,539.81,pos,1
TXN-2026-01560,65.02,online,0
TXN-2026-01561,87.74,pos,0
TXN-2026-01562,36.72,pos,0
TXN-2026-01563,4.91,online,0
TXN-2026-01564,260.04,pos,0
TXN-2026-01565,217.94,online,1
TXN-2026-01566,126977.61,pos,1
TXN-2026-01567,97.55,pos,0
TXN-2026-01568,167.19,pos,0
TXN-2026-01569,13.8,pos,1
TXN-2026-01570,47.71,online,0
TXN-2026-01571,233.48,pos,0
TXN-2026-01572,19.98,pos,0
TXN-2026-01573,128.03,pos,1
TXN-2026-01574,17.67,pos,0
TXN-2026-01575,157.55,online,0
TXN-2026-01576,86.25,pos,1
TXN-2026-01577,12.96,online,0
TXN-2026-01578,364.19,atm,1
TXN-2026-01579,37.28,online,0
TXN-2026-01580,34.05,online,0
TXN-2026-01581,114.51,pos,0
TXN-2026-01582,357.22,pos,0
TXN-2026-01583,26.6,online,0
TXN-2026-01584,96.93,online,1
TXN-2026-01585,150.59,online,0
TXN-2026-01586,206.79,online,1
TXN-2026-01587,111.24,pos,0
TXN-2026-01588,57.95,pos,0
TXN-2026-01589,33.34,online,0
TXN-2026-01590,99.82,online,0
TXN-2026-01591,24.86,pos,0
TXN-2026-01592,2.7,online,1
TXN-2026-01593,152.0,pos,0
TXN-2026-01594,266.33,pos,0
TXN-2026-01595,5.28,online,0
TXN-2026-01596,26.8,online,0
TXN-2026-01597,189.23,pos,0
TXN-2026-01598,1063.15,pos,0
TXN-2026-01599,92.29,pos,0
TXN-2026-01600,37.58,online,0
TXN-2026-01601,72.28,pos,0
TXN-2026-01602,468.65,online,0
TXN-2026-01603,41.46,atm,0
TXN-2026-01604,34.5,online,1
TXN-2026-01605,50.44,pos,0
TXN-2026-01606,28.67,online,0
TXN-2026-01607,104.29,pos,0
TXN-2026-01608,632.46,pos,1
TXN-2026-01609,132.65,pos,0
TXN-2026-01610,66.5,pos,0
TXN-2026-01611,63.42,atm,0
TXN-2026-01612,13.79,pos,0
TXN-2026-01613,259.75,pos,0
TXN-2026-01614,81.99,atm,0
TXN-2026-01615,72.49,pos,0
TXN-2026-01616,4153.59,online,0
TXN-2026-01617,128.83,pos,0
TXN-2026-01618,36.52,pos,0
TXN-2026-01619,53.97,atm,0
TXN-2026-01620,357.14,pos,1
TXN-2026-01621,103.12,online,0
TXN-2026-01622,16.02,pos,1
TXN-2026-01623,118703.22,pos,0
TXN-2026-01624,40.38,pos,1
TXN-2026-01625,852.32,pos,0
TXN-2026-01626,329.0,pos,0
TXN-2026-01627,52.63,online,0
TXN-2026-01628,418.73,pos,0
TXN-2026-01629,97.65,pos,0
TXN-2026-01630,250.47,pos,0
TXN-2026-01631,161.04,atm,0
TXN-2026-01632,32.6,atm,0
TXN-2026-01633,41.59,online,0
TXN-2026-01634,309.81,online,0
TXN-2026-01635,60.24,pos,0
TXN-2026-01636,55.46,pos,0
TXN-2026-01637,28.61,online,1
TXN-2026-01638,149.65,online,0
TXN-2026-01639,1069.59,pos,0
TXN-2026-01640,25.0,pos,1
TXN-2026-01641,92.67,atm,0
TXN-2026-01642,490.13,online,0
TXN-2026-01643,81.81,pos,1
TXN-2026-01644,154.91,online,0
TXN-2026-01645,25.16,pos,0
TXN-2026-01646,150.5,pos,1
TXN-2026-01647,71.91,pos,1
TXN-2026-01648,293.79,pos,0
TXN-2026-01649,374.23,pos,0
TXN-2026-01650,2013.19,online,0
TXN-2026-01651,180.47,pos,0
TXN-2026-01652,133.08,online,0
TXN-2026-01653,113.67,pos,0
TXN-2026-01654,58.92,pos,1
TXN-2026-01655,135.12,online,1
TXN-2026-01656,63.15,online,0
TXN-2026-01657,110.18,atm,0
TXN-2026-01658,437.52,atm,0
TXN-2026-01659,26.9,pos,0
TXN-2026-01660,353.49,pos,0
TXN-2026-01661,437.26,online,0
TXN-2026-01662,78.13,atm,0
TXN-2026-01663,7.06,online,1
TXN-2026-01664,43.41,online,0
TXN-2026-01665,426.83,online,0
TXN-2026-01666,87.58,pos,0
TXN-2026-01667,27.14,online,0
TXN-2026-01668,49.12,online,1
TXN-2026-01669,246.84,online,0
TXN-2026-01670,173.48,pos,0
TXN-2026-01671,67.58,pos,0
TXN-2026-01672,57.96,pos,0
TXN-2026-01673,56.25,pos,1
TXN-2026-01674,29.76,atm,0
TXN-2026-01675,625.44,pos,0
TXN-2026-01676,61.14,pos,0
TXN-2026-01677,387.84,pos,0
TXN-2026-01678,558.68,online,0
TXN-2026-01679,298.26,pos,0
TXN-2026-01680,53.63,pos,0
TXN-2026-01681,146.13,pos,1
TXN-2026-01682,87.44,pos,0
TXN-2026-01683,30.43,pos,0
TXN-2026-01684,132.85,pos,1
TXN-2026-01685,21.87,atm,0
TXN-2026-01686,374.36,pos,0
TXN-2026-01687,51.55,pos,0
TXN-2026-01688,114.59,online,0
TXN-2026-01689,126.46,pos,0
TXN-2026-01690,65.98,online,0
TXN-2026-01691,182.0,pos,0
TXN-2026-01692,50.91,online,0
TXN-2026-01693,256.1,online,1
TXN-2026-01694,17.9,atm,0
TXN-2026-01695,104.76,pos,1
TXN-2026-01696,922.16,pos,0
TXN-2026-01697,27.1,pos,0
TXN-2026-01698,39.91,atm,0
TXN-2026-01699,166.78,atm,0
TXN-2026-01700,111.66,pos,0
TXN-2026-01701,137.11,pos,1
TXN-2026-01702,161.91,pos,0
TXN-2026-01703,192.8,pos,0
TXN-2026-01704,340.92,pos,0
TXN-2026-01705,147.2,pos,0
TXN-2026-01706,67.39,online,0
TXN-2026-01707,201.76,atm,1
TXN-2026-01708,879.94,atm,1
TXN-2026-01709,76.77,pos,0
TXN-2026-01710,27.95,online,0
TXN-2026-01711,339.85,online,0
TXN-2026-01712,77.91,pos,0
TXN-2026-01713,6.64,online,0
TXN-2026-01714,248.86,pos,1
TXN-2026-01715,47.35,pos,1
TXN-2026-01716,80.75,pos,1
TXN-2026-01717,134.07,pos,0
TXN-2026-01718,113.14,online,0
TXN-2026-01719,210.89,pos,0
TXN-2026-01720,53.38,pos,0
TXN-2026-01721,166.62,pos,0
TXN-2026-01722,65.93,online,0
TXN-2026-01723,218.45,pos,0
TXN-2026-01724,188.38,online,0
TXN-2026-01725,29.3,online,0
TXN-2026-01726,331.35,pos,1
TXN-2026-01727,47.32,pos,0
TXN-2026-01728,237.38,online,0
TXN-2026-01729,139.87,pos,1
TXN-2026-01730,817.15,pos,0
TXN-2026-01731,68.84,online,0
TXN-2026-01732,59.19,pos,0
TXN-2026-01733,87.94,pos,0
TXN-2026-01734,62.56,pos,0
TXN-2026-01735,235.08,pos,1
TXN-2026-01736,12.94,online,1
TXN-2026-01737,25.42,online,0
TXN-2026-01738,24.99,online,0
TXN-2026-01739,281.57,online,1
TXN-2026-01740,701.16,pos,0
TXN-2026-01741,79.41,pos,0
TXN-2026-01742,73.51,pos,1
TXN-2026-01743,40576.78,pos,1
TXN-2026-01744,362.95,atm,1
TXN-2026-01745,29.58,online,0
TXN-2026-01746,119.83,pos,0
TXN-2026-01747,290.1,pos,1
TXN-2026-01748,164.24,pos,0
TXN-2026-01749,113.01,pos,1
TXN-2026-01750,299.24,pos,0
TXN-2026-01751,3.51,pos,1
TXN-2026-01752,203.05,online,0
TXN-2026-01753,41.06,online,0
TXN-2026-01754,10.01,pos,0
TXN-2026-01755,166.24,pos,0
TXN-2026-01756,467.96,pos,0
TXN-2026-01757,76.33,online,0
TXN-2026-01758,282.44,online,1
TXN-2026-01759,623.12,atm,0
TXN-2026-01760,436.11,pos,0
TXN-2026-01761,644.17,online,0
TXN-2026-01762,219.32,pos,1
TXN-2026-01763,98.55,online,0
TXN-2026-01764,13.17,pos,0
TXN-2026-01765,67.0,pos,1
TXN-2026-01766,32.72,online,0
TXN-2026-01767,1218.2,pos,0
TXN-2026-01768,38703.52,pos,0
TXN-2026-01769,74686.0,pos,0
TXN-2026-01770,174.48,pos,0
TXN-2026-01771,94.85,pos,1
TXN-2026-01772,688.19,pos,1
TXN-2026-01773,42.64,pos,0
TXN-2026-01774,113.7,pos,0
TXN-2026-01775,36.93,atm,0
TXN-2026-01776,18.47,pos,0
TXN-2026-01777,43.2,pos,0
TXN-2026-01778,86.1,pos,1
TXN-2026-01779,53.78,online,0
TXN-2026-01780,39.22,online,0
TXN-2026-01781,16.65,pos,0
TXN-2026-01782,81.47,online,0
TXN-2026-01783,14.8,online,0
TXN-2026-01784,224.09,online,0
TXN-2026-01785,99.38,online,0
TXN-2026-01786,15.66,online,0
TXN-2026-01787,62.11,online,0
TXN-2026-01788,36.5,online,0
TXN-2026-01789,132.03,pos,1
TXN-2026-01790,449.68,online,1
TXN-2026-01791,9.49,online,0
TXN-2026-01792,103.34,pos,0
TXN-2026-01793,74.28,atm,1
TXN-2026-01794,201.46,pos,0
TXN-2026-01795,116.26,pos,0
TXN-2026-01796,36.51,online,0
TXN-2026-01797,61.38,pos,0
TXN-2026-01798,34.63,pos,0
TXN-2026-01799,327.41,pos,0
TXN-2026-01800,92.35,pos,1
TXN-2026-01801,881.33,pos,0
TXN-2026-01802,83.7,pos,0
TXN-2026-01803,38.47,pos,1
TXN-2026-01804,14.64,atm,1
TXN-2026-01805,10.34,atm,1
TXN-2026-01806,13.45,pos,1
TXN-2026-01807,124.03,online,0
TXN-2026-01808,165.75,pos,1
TXN-2026-01809,13.5,pos,0
TXN-2026-01810,263.5,pos,0
TXN-2026-01811,50.42,atm,0
TXN-2026-01812,107.36,atm,0
TXN-2026-01813,623.07,pos,1
TXN-2026-01814,264.07,pos,0
TXN-2026-01815,65.22,pos,0
TXN-2026-01816,30.89,pos,0
TXN-2026-01817,6.81,online,0
TXN-2026-01818,37.98,pos,0
TXN-2026-01819,69.87,online,0
TXN-2026-01820,27.53,pos,1
TXN-2026-01821,76.9,atm,0
TXN-2026-01822,98.71,online,0
TXN-2026-01823,68.73,pos,0
TXN-2026-01824,41.26,online,0
TXN-2026-01825,110.21,online,0
TXN-2026-01826,152.98,pos,0
TXN-2026-01827,24.33,pos,0
TXN-2026-01828,489.37,atm,0
TXN-2026-01829,79.97,pos,0
TXN-2026-01830,92.08,pos,0
TXN-2026-01831,210.58,pos,0
TXN-2026-01832,119.09,online,0
TXN-2026-01833,282.52,online,0
TXN-2026-01834,127.05,atm,1
TXN-2026-01835,43.17,pos,0
TXN-2026-01836,138.91,pos,0
TXN-2026-01837,22.82,online,0
TXN-2026-01838,102.54,online,0
TXN-2026-01839,86.5,pos,0
TXN-2026-01840,70.12,pos,1
TXN-2026-01841,77.15,pos,1
TXN-2026-01842,9.41,online,1
TXN-2026-01843,46.6,online,1
TXN-2026-01844,100.63,online,0
TXN-2026-01845,109.05,atm,0
TXN-2026-01846,26.23,pos,0
TXN-2026-01847,411.11,atm,1
TXN-2026-01848,31.84,online,0
TXN-2026-01849,288.11,pos,0
TXN-2026-01850,150.3,atm,0
TXN-2026-01851,41.45,pos,1
TXN-2026-01852,757.76,online,0
TXN-2026-01853,21.49,online,0
TXN-2026-01854,271.23,online,1
TXN-2026-01855,299.08,online,0
TXN-2026-01856,40.26,pos,1
TXN-2026-01857,478.64,pos,0
TXN-2026-01858,66.68,pos,0
TXN-2026-01859,127.29,online,1
TXN-2026-01860,123.02,online,0
TXN-2026-01861,76.62,atm,0
TXN-2026-01862,238.17,pos,0
TXN-2026-01863,233.27,online,0
TXN-2026-01864,11.04,atm,0
TXN-2026-01865,430.61,online,0
TXN-2026-01866,12.24,pos,0
TXN-2026-01867,310.77,pos,1
TXN-2026-01868,347.95,pos,0
TXN-2026-01869,24.31,online,0
TXN-2026-01870,54.98,online,0
TXN-2026-01871,23.88,atm,0
TXN-2026-01872,69.55,pos,1
TXN-2026-01873,62.2,pos,0
TXN-2026-01874,229.43,online,1
TXN-2026-01875,433.71,online,0
TXN-2026-01876,480.5,atm,0
TXN-2026-01877,45.85,online,0
TXN-2026-01878,70.03,pos,0
TXN-2026-01879,11.94,online,0
TXN-2026-01880,34.22,online,0
TXN-2026-01881,286.52,pos,0
TXN-2026-01882,625.59,pos,1
TXN-2026-01883,20.47,pos,0
TXN-2026-01884,44.21,pos,0
TXN-2026-01885,87.21,online,0
TXN-2026-01886,125.99,pos,0
TXN-2026-01887,34.07,pos,1
TXN-2026-01888,149.74,pos,0
TXN-2026-01889,50.98,online,0
TXN-2026-01890,88.47,pos,0
TXN-2026-01891,173.39,online,0
TXN-2026-01892,90.71,pos,0
TXN-2026-01893,53.32,pos,0
TXN-2026-01894,78.92,pos,1
TXN-2026-01895,80.96,pos,0
TXN-2026-01896,57.74,pos,0
TXN-2026-01897,65.99,pos,0
TXN-2026-01898,613.01,online,0
TXN-2026-01899,176.46,online,1
TXN-2026-01900,63.14,pos,1
TXN-2026-01901,207.75,pos,0
TXN-2026-01902,60.31,atm,0
TXN-2026-01903,367.88,online,0
TXN-2026-01904,140.27,pos,0
TXN-2026-01905,79.14,online,0
TXN-2026-01906,154.05,online,1
TXN-2026-01907,13.67,online,0
TXN-2026-01908,23.29,pos,0
TXN-2026-01909,21.48,pos,1
TXN-2026-01910,106.86,pos,0
TXN-2026-01911,719.83,atm,1
TXN-2026-01912,1309.71,online,0
TXN-2026-01913,193.57,pos,1
TXN-2026-01914,164.19,atm,0
TXN-2026-01915,10.37,atm,0
TXN-2026-01916,46.94,atm,0
TXN-2026-01917,34.98,online,0
TXN-2026-01918,42.73,atm,0
TXN-2026-01919,73.57,pos,1
TXN-2026-01920,51.09,online,1
TXN-2026-01921,8.37,online,0
TXN-2026-01922,220.85,pos,0
TXN-2026-01923,24.85,pos,0
TXN-2026-01924,119.95,atm,0
TXN-2026-01925,1084.53,pos,0
TXN-2026-01926,29.87,online,1
TXN-2026-01927,4.32,pos,0
TXN-2026-01928,63.87,pos,0
TXN-2026-01929,337.36,pos,0
TXN-2026-01930,943.9,pos,1
TXN-2026-01931,20.58,online,0
TXN-2026-01932,163.37,online,0
TXN-2026-01933,51.5,pos,0
TXN-2026-01934,79.27,pos,0
TXN-2026-01935,2149.98,pos,0
TXN-2026-01936,14.83,pos,0
TXN-2026-01937,122.06,online,0
TXN-2026-01938,157.78,pos,0
TXN-2026-01939,331.27,pos,1
TXN-2026-01940,101.25,pos,0
TXN-2026-01941,130.28,pos,0
TXN-2026-01942,56.26,pos,0
TXN-2026-01943,124.33,pos,0
TXN-2026-01944,59.63,online,0
TXN-2026-01945,189.78,atm,0
TXN-2026-01946,57.77,online,0
TXN-2026-01947,141.53,pos,1
TXN-2026-01948,86.91,pos,1
TXN-2026-01949,347.67,pos,0
TXN-2026-01950,84.63,online,0
TXN-2026-01951,10.72,atm,1
TXN-2026-01952,409.24,pos,0
TXN-2026-01953,30.36,pos,0
TXN-2026-01954,41.08,online,1
TXN-2026-01955,44.04,online,1
TXN-2026-01956,468.4,online,0
TXN-2026-01957,6.94,online,0
TXN-2026-01958,3886.63,atm,0
TXN-2026-01959,319.66,pos,1
TXN-2026-01960,117.67,atm,1
TXN-2026-01961,84.28,atm,0
TXN-2026-01962,126.81,online,0
TXN-2026-01963,168.23,pos,0
TXN-2026-01964,195.25,pos,0
TXN-2026-01965,175.34,pos,1
TXN-2026-01966,100.23,pos,0
TXN-2026-01967,71.04,online,0
TXN-2026-01968,75.07,pos,0
TXN-2026-01969,71.24,pos,0
TXN-2026-01970,350.91,online,0
TXN-2026-01971,183.51,pos,0
TXN-2026-01972,2.64,pos,1
TXN-2026-01973,197.77,pos,0
TXN-2026-01974,113.71,online,1
TXN-2026-01975,88.02,pos,0
TXN-2026-01976,56.47,online,0
TXN-2026-01977,346.86,pos,0
TXN-2026-01978,280.63,atm,1
TXN-2026-01979,35.61,pos,0
TXN-2026-01980,146.71,pos,0
TXN-2026-01981,28.05,pos,1
TXN-2026-01982,17.19,pos,0
TXN-2026-01983,42.43,pos,1
TXN-2026-01984,253.38,pos,1
TXN-2026-01985,282.52,pos,0
TXN-2026-01986,166.62,online,0
TXN-2026-01987,214.89,pos,0
TXN-2026-01988,167.24,pos,0
TXN-2026-01989,41.69,online,1
TXN-2026-01990,151.16,atm,1
TXN-2026-01991,235.21,pos,0
TXN-2026-01992,222.55,pos,0
TXN-2026-01993,374.91,atm,0
TXN-2026-01994,210.6,pos,0
TXN-2026-01995,137.24,atm,0
TXN-2026-01996,325.12,pos,0
TXN-2026-01997,87.2,online,0
TXN-2026-01998,31.24,pos,0
TXN-2026-01999,74.02,atm,0
TXN-2026-02000,36.82,pos,0
TXN-2026-02001,40.04,online,1
TXN-2026-02002,75.68,pos,0
TXN-2026-02003,34.78,pos,1
TXN-2026-02004,62.21,online,0
TXN-2026-02005,9.28,pos,1
TXN-2026-02006,116.27,atm,1
TXN-2026-02007,90.15,pos,0
TXN-2026-02008,33.77,online,0
TXN-2026-02009,198.56,pos,1
TXN-2026-02010,277.3,atm,0
TXN-2026-02011,13.08,atm,1
TXN-2026-02012,36.04,pos,1
TXN-2026-02013,35.77,online,0
TXN-2026-02014,29.14,online,0
TXN-2026-02015,243.56,pos,0
TXN-2026-02016,71.34,online,1
TXN-2026-02017,65.53,pos,0
TXN-2026-02018,8.13,online,0
TXN-2026-02019,192.96,pos,0
TXN-2026-02020,20.35,pos,0
TXN-2026-02021,96.73,pos,0
TXN-2026-02022,125.57,online,0
TXN-2026-02023,460.72,online,0
TXN-2026-02024,18.72,atm,0
TXN-2026-02025,2.4,pos,1
TXN-2026-02026,112.24,pos,0
TXN-2026-02027,781.03,online,1
TXN-2026-02028,398.11,online,1
TXN-2026-02029,115.77,pos,0
TXN-2026-02030,49.9,pos,0
TXN-2026-02031,237.12,pos,0
TXN-2026-02032,27.99,pos,0
TXN-2026-02033,159.43,online,0
TXN-2026-02034,165.1,pos,1
TXN-2026-02035,321.26,online,0
TXN-2026-02036,2469.06,pos,1
TXN-2026-02037,144.16,pos,0
TXN-2026-02038,48.87,online,0
TXN-2026-02039,87.3,online,1
TXN-2026-02040,10.77,pos,0
TXN-2026-02041,39.11,online,0
TXN-2026-02042,55.08,pos,0
TXN-2026-02043,47.99,online,0
TXN-2026-02044,108.08,pos,0
TXN-2026-02045,33.55,online,0
TXN-2026-02046,345.58,pos,0
TXN-2026-02047,90.04,pos,0
TXN-2026-02048,89.02,atm,1
TXN-2026-02049,60.74,online,0
TXN-2026-02050,108.44,pos,0
TXN-2026-02051,242.29,pos,0
TXN-2026-02052,31.8,pos,0
TXN-2026-02053,40.86,online,0
TXN-2026-02054,62.52,online,0
TXN-2026-02055,17.9,online,0
TXN-2026-02056,33.68,pos,0
TXN-2026-02057,50.83,online,0
TXN-2026-02058,257.05,pos,1
TXN-2026-02059,123.36,pos,0
TXN-2026-02060,113.56,online,0
TXN-2026-02061,249.9,atm,0
TXN-2026-02062,76.34,online,0
TXN-2026-02063,143.82,online,1
TXN-2026-02064,79.53,online,0
TXN-2026-02065,123.77,atm,1
TXN-2026-02066,44.73,pos,0
TXN-2026-02067,4.82,pos,0
TXN-2026-02068,76.62,atm,1
TXN-2026-02069,496.36,online,0
TXN-2026-02070,273.54,pos,1
TXN-2026-02071,286.71,pos,0
TXN-2026-02072,396.77,pos,0
TXN-2026-02073,100.12,pos,0
TXN-2026-02074,114.07,atm,0
TXN-2026-02075,42.9,pos,0
TXN-2026-02076,61.6,online,0
TXN-2026-02077,188.47,pos,0
TXN-2026-02078,137188.6,pos,0
TXN-2026-02079,76.15,pos,0
TXN-2026-02080,52.45,online,1
TXN-2026-02081,90.07,online,0
TXN-2026-02082,185.2,online,0
TXN-2026-02083,15.92,pos,0
TXN-2026-02084,5.72,pos,1
TXN-2026-02085,46.5,pos,0
TXN-2026-02086,20.8,pos,1
TXN-2026-02087,48.92,online,1
TXN-2026-02088,75.39,online,0
TXN-2026-02089,52.25,online,0
TXN-2026-02090,514.38,pos,1
TXN-2026-02091,133.23,pos,0
TXN-2026-02092,129.1,pos,0
TXN-2026-02093,189.93,pos,1
TXN-2026-02094,22.95,online,0
TXN-2026-02095,313.23,online,1
TXN-2026-02096,82.19,pos,1
TXN-2026-02097,201.26,pos,0
TXN-2026-02098,24.87,online,0
TXN-2026-02099,13.95,online,0
TXN-2026-02100,240.2,online,0
TXN-2026-02101,141.41,pos,1
TXN-2026-02102,30.49,pos,1
TXN-2026-02103,31.7,atm,0
TXN-2026-02104,347.42,online,0
TXN-2026-02105,21.6,pos,0
TXN-2026-02106,646.26,online,0
TXN-2026-02107,30.55,online,0
TXN-2026-02108,193.65,pos,1
TXN-2026-02109,60.68,pos,0
TXN-2026-02110,185.64,pos,1
TXN-2026-02111,46.86,pos,0
TXN-2026-02112,74.04,online,0
TXN-2026-02113,94.55,pos,0
TXN-2026-02114,27.04,online,1
TXN-2026-02115,218.98,atm,0
TXN-2026-02116,48.63,pos,0
TXN-2026-02117,68.42,pos,0
TXN-2026-02118,27.3,online,0
TXN-2026-02119,4.16,online,0
TXN-2026-02120,71.58,online,0
TXN-2026-02121,1628.05,pos,0
TXN-2026-02122,230.79,pos,0
TXN-2026-02123,87.96,online,0
TXN-2026-02124,65.66,atm,1
TXN-2026-02125,92.48,pos,0
TXN-2026-02126,173.56,atm,0
TXN-2026-02127,21.82,pos,0
TXN-2026-02128,342.81,atm,0
TXN-2026-02129,212.4,online,0
TXN-2026-02130,213.11,pos,1
TXN-2026-02131,152.35,online,0
TXN-2026-02132,92.16,pos,0
TXN-2026-02133,201.83,pos,0
TXN-2026-02134,183.13,pos,0
TXN-2026-02135,58.86,pos,1
TXN-2026-02136,45.23,pos,1
TXN-2026-02137,101.72,online,0
TXN-2026-02138,86473.83,online,0
TXN-2026-02139,20.35,pos,1
TXN-2026-02140,15.47,online,0
TXN-2026-02141,109.7,online,0
TXN-2026-02142,95.69,atm,1
TXN-2026-02143,110.83,online,0
TXN-2026-02144,120.63,pos,0
TXN-2026-02145,68.87,pos,1
TXN-2026-02146,537.99,online,0
TXN-2026-02147,13.18,pos,0
TXN-2026-02148,33.31,pos,0
TXN-2026-02149,79.53,pos,0
TXN-2026-02150,12.53,pos,0
TXN-2026-02151,72.89,pos,0
TXN-2026-02152,661.01,pos,0
TXN-2026-02153,92.3,pos,1
TXN-2026-02154,118.73,online,0
TXN-2026-02155,19.84,online,1
TXN-2026-02156,42.96,pos,0
TXN-2026-02157,57.38,pos,1
TXN-2026-02158,61.48,pos,0
TXN-2026-02159,419.04,pos,0
TXN-2026-02160,175.78,pos,0
TXN-2026-02161,23.72,pos,0
TXN-2026-02162,121.0,online,0
TXN-2026-02163,163.67,pos,0
TXN-2026-02164,353.6,pos,1
TXN-2026-02165,599.83,pos,1
TXN-2026-02166,26.63,online,1
TXN-2026-02167,34.02,online,0
TXN-2026-02168,19.9,online,1
TXN-2026-02169,67.98,online,1
TXN-2026-02170,157.53,pos,0
TXN-2026-02171,294.36,pos,0
TXN-2026-02172,82.18,online,0
TXN-2026-02173,61.32,pos,0
TXN-2026-02174,108.0,atm,0
TXN-2026-02175,33.04,online,0
TXN-2026-02176,1104.83,online,0
TXN-2026-02177,13.08,pos,0
TXN-2026-02178,112.36,online,0
TXN-2026-02179,1020.79,pos,0
TXN-2026-02180,90.75,pos,1
TXN-2026-02181,71.66,pos,1
TXN-2026-02182,58.62,online,0
TXN-2026-02183,72.5,pos,0
TXN-2026-02184,467.51,pos,0
TXN-2026-02185,6.33,pos,0
TXN-2026-02186,566.86,online,0
TXN-2026-02187,16.3,online,0
TXN-2026-02188,65.37,online,1
TXN-2026-02189,53.78,pos,0
TXN-2026-02190,182.41,pos,0
TXN-2026-02191,13.23,online,0
TXN-2026-02192,156.74,pos,0
TXN-2026-02193,1021.65,atm,0
TXN-2026-02194,17.53,online,0
TXN-2026-02195,113.03,pos,0
TXN-2026-02196,40.68,pos,0
TXN-2026-02197,150.06,online,0
TXN-2026-02198,92.11,pos,0
TXN-2026-02199,41.69,pos,0
TXN-2026-02200,161.65,online,1
TXN-2026-02201,784.63,pos,0
TXN-2026-02202,71.59,online,0
TXN-2026-02203,213.52,pos,0
TXN-2026-02204,19.07,online,0
TXN-2026-02205,28.57,pos,0
TXN-2026-02206,158.68,pos,0
TXN-2026-02207,534.29,online,0
TXN-2026-02208,137.93,online,0
TXN-2026-02209,61.83,pos,0
TXN-2026-02210,89.94,pos,1
TXN-2026-02211,20.08,online,0
TXN-2026-02212,185.94,pos,0
TXN-2026-02213,259.51,atm,0
TXN-2026-02214,52.33,atm,0
TXN-2026-02215,51.21,online,0
TXN-2026-02216,123.85,pos,0
TXN-2026-02217,53.3,pos,0
TXN-2026-02218,83.15,online,1
TXN-2026-02219,1118.41,pos,0
TXN-2026-02220,66.92,pos,0
TXN-2026-02221,58.56,pos,0
TXN-2026-02222,41.39,pos,0
TXN-2026-02223,219.87,pos,1
TXN-2026-02224,72.42,pos,0
TXN-2026-02225,41.3,online,1
TXN-2026-02226,439.47,pos,0
TXN-2026-02227,494.49,pos,0
TXN-2026-02228,43.79,pos,1
TXN-2026-02229,9.58,online,0
TXN-2026-02230,301.57,pos,0
TXN-2026-02231,45775.07,online,0
TXN-2026-02232,232.47,atm,0
TXN-2026-02233,8.46,pos,0
TXN-2026-02234,262.73,pos,0
TXN-2026-02235,21.04,pos,0
TXN-2026-02236,216.35,atm,0
TXN-2026-02237,91.57,online,0
TXN-2026-02238,28.65,online,0
TXN-2026-02239,55.23,pos,0
TXN-2026-02240,205.12,atm,1
TXN-2026-02241,102.21,pos,0
TXN-2026-02242,181.51,pos,0
TXN-2026-02243,964.61,online,0
TXN-2026-02244,13.78,atm,0
TXN-2026-02245,626.82,pos,0
TXN-2026-02246,102.03,pos,0
TXN-2026-02247,30.61,pos,0
TXN-2026-02248,18.24,pos,1
TXN-2026-02249,71.74,pos,1
TXN-2026-02250,272.05,atm,1
TXN-2026-02251,77.24,online,0
TXN-2026-02252,551.91,online,0
TXN-2026-02253,15.78,online,0
TXN-2026-02254,88.72,pos,0
TXN-2026-02255,20.03,online,0
TXN-2026-02256,139.26,online,1
TXN-2026-02257,260.93,pos,0
TXN-2026-02258,54.33,online,1
TXN-2026-02259,3.95,pos,1
TXN-2026-02260,114.29,online,0
TXN-2026-02261,152.03,atm,0
TXN-2026-02262,146.23,pos,0
TXN-2026-02263,396.6,online,0
TXN-2026-02264,24.9,pos,0
TXN-2026-02265,203.62,online,1
TXN-2026-02266,376.53,pos,0
TXN-2026-02267,10.65,pos,0
TXN-2026-02268,132.1,pos,0
TXN-2026-02269,49.16,online,0
TXN-2026-02270,81.63,pos,0
TXN-2026-02271,136.62,atm,0
TXN-2026-02272,50.17,pos,1
TXN-2026-02273,40.01,atm,0
TXN-2026-02274,93.78,online,0
TXN-2026-02275,24.42,pos,0
TXN-2026-02276,24.46,pos,0
TXN-2026-02277,203.41,online,0
TXN-2026-02278,22.68,online,0
TXN-2026-02279,200.25,online,0
TXN-2026-02280,156.82,pos,0
TXN-2026-02281,11.35,pos,0
TXN-2026-02282,39.92,atm,0
TXN-2026-02283,377.26,pos,0
TXN-2026-02284,27.73,pos,1
TXN-2026-02285,51.56,pos,0
TXN-2026-02286,156.72,online,0
TXN-2026-02287,230.46,online,0
TXN-2026-02288,66.56,pos,0
TXN-2026-02289,43.95,pos,0
TXN-2026-02290,496.13,pos,0
TXN-2026-02291,725.37,pos,0
TXN-2026-02292,291.38,pos,1
TXN-2026-02293,85668.11,atm,0
TXN-2026-02294,34.13,pos,1
TXN-2026-02295,33.23,pos,0
TXN-2026-02296,168.51,online,0
TXN-2026-02297,148.72,pos,1
TXN-2026-02298,483.92,online,1
TXN-2026-02299,196.48,pos,0
TXN-2026-02300,14.82,pos,0
TXN-2026-02301,318.09,atm,0
TXN-2026-02302,27.18,online,0
TXN-2026-02303,56.78,pos,0
TXN-2026-02304,121.54,online,0
TXN-2026-02305,987.13,atm,1
TXN-2026-02306,3758.98,pos,0
TXN-2026-02307,186.43,pos,0
TXN-2026-02308,72.25,atm,1
TXN-2026-02309,170.96,pos,0
TXN-2026-02310,261.17,online,0
TXN-2026-02311,61.26,online,0
TXN-2026-02312,776.08,online,0
TXN-2026-02313,118.64,pos,0
TXN-2026-02314,163.58,pos,0
TXN-2026-02315,200.16,online,0
TXN-2026-02316,149.29,pos,0
TXN-2026-02317,246.34,pos,0
TXN-2026-02318,42.92,pos,0
TXN-2026-02319,46.06,pos,1
TXN-2026-02320,24.04,atm,0
TXN-2026-02321,152.54,pos,0
TXN-2026-02322,229.23,atm,0
TXN-2026-02323,155.92,pos,0
TXN-2026-02324,671.42,online,0
TXN-2026-02325,89.41,pos,0
TXN-2026-02326,200.84,online,1
TXN-2026-02327,24.29,online,0
TXN-2026-02328,56.57,pos,0
TXN-2026-02329,207.4,atm,1
TXN-2026-02330,249.37,pos,0
TXN-2026-02331,63.26,online,0
TXN-2026-02332,82.61,atm,0
TXN-2026-02333,14.56,online,0
TXN-2026-02334,58.65,atm,1
TXN-2026-02335,262.03,pos,0
TXN-2026-02336,179.51,pos,1
TXN-2026-02337,164.15,pos,0
TXN-2026-02338,95.56,pos,0
TXN-2026-02339,90.78,online,0
TXN-2026-02340,40.76,pos,0
TXN-2026-02341,208.22,online,0
TXN-2026-02342,149.18,pos,0
TXN-2026-02343,162.46,pos,1
TXN-2026-02344,47.88,online,0
TXN-2026-02345,6.79,pos,0
TXN-2026-02346,335.82,online,0
TXN-2026-02347,50.67,pos,0
TXN-2026-02348,31.97,online,0
TXN-2026-02349,206.89,pos,0
TXN-2026-02350,56.24,pos,0
TXN-2026-02351,321.15,online,1
TXN-2026-02352,54253.52,online,0
TXN-2026-02353,204.44,pos,0
TXN-2026-02354,17.48,pos,0
TXN-2026-02355,385.42,pos,0
TXN-2026-02356,123.16,pos,0
TXN-2026-02357,57.79,online,0
TXN-2026-02358,106.92,online,0
TXN-2026-02359,10.68,pos,1
TXN-2026-02360,146.99,pos,0
TXN-2026-02361,26.17,online,0
TXN-2026-02362,17.76,pos,0
TXN-2026-02363,14.49,online,1
TXN-2026-02364,342.14,pos,0
TXN-2026-02365,42.3,online,1
TXN-2026-02366,567.06,pos,1
TXN-2026-02367,47.32,online,0
TXN-2026-02368,11.6,pos,1
TXN-2026-02369,23.57,pos,0
TXN-2026-02370,396.62,online,0
TXN-2026-02371,74.66,pos,0
TXN-2026-02372,46.62,pos,0
TXN-2026-02373,109.07,pos,0
TXN-2026-02374,164.37,pos,0
TXN-2026-02375,344.08,atm,0
TXN-2026-02376,511.94,online,1
TXN-2026-02377,58.46,pos,0
TXN-2026-02378,18.33,online,0
TXN-2026-02379,54.81,pos,1
TXN-2026-02380,123.02,atm,0
TXN-2026-02381,28.32,pos,0
TXN-2026-02382,28.54,online,0
TXN-2026-02383,135.99,pos,0
TXN-2026-02384,84.91,pos,0
TXN-2026-02385,93.63,pos,0
TXN-2026-02386,36.23,pos,0
TXN-2026-02387,68.27,online,0
TXN-2026-02388,29.69,pos,0
TXN-2026-02389,261.97,atm,0
TXN-2026-02390,311.78,pos,0
TXN-2026-02391,9.82,online,0
TXN-2026-02392,29.51,atm,1
TXN-2026-02393,14.94,online,1
TXN-2026-02394,41.26,online,1
TXN-2026-02395,81.44,online,0
TXN-2026-02396,15.81,pos,1
TXN-2026-02397,29.78,online,0
TXN-2026-02398,26.98,pos,0
TXN-2026-02399,115.44,pos,0
TXN-2026-02400,97.83,pos,1
TXN-2026-02401,37.86,online,0
TXN-2026-02402,111.3,pos,0
TXN-2026-02403,46.71,pos,0
TXN-2026-02404,64.98,pos,0
TXN-2026-02405,670.58,atm,0
TXN-2026-02406,449.69,pos,0
TXN-2026-02407,18.93,pos,0
TXN-2026-02408,243.64,pos,0
TXN-2026-02409,238.33,atm,0
TXN-2026-02410,22.69,atm,0
TXN-2026-02411,240.46,online,0
TXN-2026-02412,569.93,online,0
TXN-2026-02413,23.4,pos,0
TXN-2026-02414,29.93,atm,0
TXN-2026-02415,305.27,pos,0
TXN-2026-02416,124.69,pos,1
TXN-2026-02417,174.47,pos,0
TXN-2026-02418,135.46,online,0
TXN-2026-02419,143.86,online,0
TXN-2026-02420,18.32,pos,0
TXN-2026-02421,316.33,atm,1
TXN-2026-02422,366.32,pos,0
TXN-2026-02423,68.36,pos,0
TXN-2026-02424,85.44,pos,1
TXN-2026-02425,14.33,online,0
TXN-2026-02426,166.85,online,0
TXN-2026-02427,178.84,pos,0
TXN-2026-02428,83.54,online,0
TXN-2026-02429,346.97,pos,1
TXN-2026-02430,60.29,online,0
TXN-2026-02431,177.24,atm,1
TXN-2026-02432,26.48,pos,1
TXN-2026-02433,87.51,online,0
TXN-2026-02434,73.02,online,0
TXN-2026-02435,117.96,pos,0
TXN-2026-02436,57.78,atm,0
TXN-2026-02437,76.88,pos,0
TXN-2026-02438,242.56,pos,0
TXN-2026-02439,53.3,pos,0
TXN-2026-02440,13.09,pos,1
TXN-2026-02441,734.73,online,0
TXN-2026-02442,472.36,online,0
TXN-2026-02443,19.09,atm,1
TXN-2026-02444,205.95,pos,0
TXN-2026-02445,49.23,pos,0
TXN-2026-02446,123.49,pos,0
TXN-2026-02447,128.13,pos,0
TXN-2026-02448,67.95,atm,0
TXN-2026-02449,35.14,online,0
TXN-2026-02450,39.3,pos,0
TXN-2026-02451,29.98,online,1
TXN-2026-02452,33.18,online,0
TXN-2026-02453,83.05,pos,0
TXN-2026-02454,38.13,online,0
TXN-2026-02455,204.07,pos,0
TXN-2026-02456,536.3,pos,0
TXN-2026-02457,44.88,pos,1
TXN-2026-02458,119.98,pos,0
TXN-2026-02459,163.96,pos,0
TXN-2026-02460,158.6,pos,0
TXN-2026-02461,98.61,pos,0
TXN-2026-02462,219.47,online,0
TXN-2026-02463,160.56,atm,0
TXN-2026-02464,20.39,online,0
TXN-2026-02465,255.44,pos,0
TXN-2026-02466,261.06,pos,0
TXN-2026-02467,36.02,pos,0
TXN-2026-02468,94.21,pos,0
TXN-2026-02469,204.38,online,1
TXN-2026-02470,70.02,online,0
TXN-2026-02471,326.22,online,0
TXN-2026-02472,1535.55,online,0
TXN-2026-02473,35.05,pos,0
TXN-2026-02474,17.16,pos,0
TXN-2026-02475,129.62,online,0
TXN-2026-02476,213.98,pos,0
TXN-2026-02477,68.24,pos,0
TXN-2026-02478,514.87,pos,1
TXN-2026-02479,18.06,pos,0
TXN-2026-02480,206.75,pos,0
TXN-2026-02481,43.51,online,0
TXN-2026-02482,708.57,online,1
TXN-2026-02483,983.4,pos,0
TXN-2026-02484,35.87,pos,0
TXN-2026-02485,46.55,online,1
TXN-2026-02486,252.52,pos,0
TXN-2026-02487,56.57,pos,0
TXN-2026-02488,85.24,pos,0
TXN-2026-02489,92.8,pos,1
TXN-2026-02490,8.99,online,1
TXN-2026-02491,88.53,online,1
TXN-2026-02492,39.34,pos,0
TXN-2026-02493,49.81,pos,1
TXN-2026-02494,508.95,pos,0
TXN-2026-02495,19.93,pos,0
TXN-2026-02496,238.85,atm,0
TXN-2026-02497,64.41,online,0
TXN-2026-02498,64.35,pos,0
TXN-2026-02499,232.4,online,0
TXN-2026-02500,135.38,online,1
TXN-2026-02501,178.53,online,0
TXN-2026-02502,287.67,pos,0
TXN-2026-02503,60.49,pos,1
TXN-2026-02504,43.18,online,0
TXN-2026-02505,24.48,pos,0
TXN-2026-02506,33.43,atm,0
TXN-2026-02507,3099.24,online,0
TXN-2026-02508,400.86,atm,0
TXN-2026-02509,17.79,pos,0
TXN-2026-02510,18.41,online,1
TXN-2026-02511,160.49,pos,0
TXN-2026-02512,173.59,atm,0
TXN-2026-02513,173.93,pos,0
TXN-2026-02514,66.29,pos,0
TXN-2026-02515,77.44,online,0
TXN-2026-02516,133.41,pos,1
TXN-2026-02517,99.79,pos,0
TXN-2026-02518,6.28,atm,0
TXN-2026-02519,68.32,pos,1
TXN-2026-02520,32.4,online,0
TXN-2026-02521,111.08,pos,0
TXN-2026-02522,3236.7,online,0
TXN-2026-02523,139.91,online,0
TXN-2026-02524,61.79,pos,1
TXN-2026-02525,272.1,pos,0
TXN-2026-02526,160.65,online,0
TXN-2026-02527,149.02,pos,0
TXN-2026-02528,186.46,pos,1
TXN-2026-02529,1061.94,online,1
TXN-2026-02530,23.17,pos,0
TXN-2026-02531,158.91,pos,0
TXN-2026-02532,29.62,online,0
TXN-2026-02533,175.32,pos,0
TXN-2026-02534,29.89,pos,1
TXN-2026-02535,54.55,pos,1
TXN-2026-02536,63.17,online,1
TXN-2026-02537,290.32,online,0
TXN-2026-02538,271.01,online,1
TXN-2026-02539,20.19,pos,1
TXN-2026-02540,96.15,pos,0
TXN-2026-02541,38.42,pos,0
TXN-2026-02542,19.88,pos,0
TXN-2026-02543,69.38,atm,0
TXN-2026-02544,62.17,pos,1
TXN-2026-02545,1655.83,pos,0
TXN-2026-02546,151.34,pos,0
TXN-2026-02547,17.23,online,1
TXN-2026-02548,45.71,online,0
TXN-2026-02549,306.64,online,1
TXN-2026-02550,1103.38,online,0
TXN-2026-02551,13.42,pos,0
TXN-2026-02552,9.43,pos,0
TXN-2026-02553,849.93,pos,0
TXN-2026-02554,143.67,online,0
TXN-2026-02555,31.75,online,1
TXN-2026-02556,170.98,pos,0
TXN-2026-02557,3.81,online,0
TXN-2026-02558,90.38,online,0
TXN-2026-02559,133.4,online,0
TXN-2026-02560,272.91,online,1
TXN-2026-02561,26.66,online,0
TXN-2026-02562,99.77,pos,0
TXN-2026-02563,29.65,online,0
TXN-2026-02564,122.3,atm,0
TXN-2026-02565,30.74,pos,0
TXN-2026-02566,55.16,online,0
TXN-2026-02567,27.25,online,0
TXN-2026-02568,196.64,pos,1
TXN-2026-02569,252.18,online,1
TXN-2026-02570,67.93,pos,1
TXN-2026-02571,94.24,atm,1
TXN-2026-02572,15.83,online,1
TXN-2026-02573,62.83,pos,0
TXN-2026-02574,84.75,pos,0
TXN-2026-02575,2090.07,online,0
TXN-2026-02576,23.7,pos,1
TXN-2026-02577,521.66,pos,0
TXN-2026-02578,297.74,pos,0
TXN-2026-02579,126.06,pos,0
TXN-2026-02580,742.74,pos,0
TXN-2026-02581,140.69,online,0
TXN-2026-02582,143.59,atm,0
TXN-2026-02583,84.46,online,0
TXN-2026-02584,390.83,online,0
TXN-2026-02585,335.55,pos,0
TXN-2026-02586,42.49,pos,0
TXN-2026-02587,18.48,pos,0
TXN-2026-02588,70.56,online,0
TXN-2026-02589,34.47,atm,0
TXN-2026-02590,83.41,online,0
TXN-2026-02591,397.39,online,0
TXN-2026-02592,52.0,online,1
TXN-2026-02593,85.51,pos,0
TXN-2026-02594,96.51,pos,0
TXN-2026-02595,249.17,pos,1
TXN-2026-02596,6.07,pos,0
TXN-2026-02597,43.47,online,0
TXN-2026-02598,115.99,pos,0
TXN-2026-02599,379.97,online,1
TXN-2026-02600,49.88,online,0
TXN-2026-02601,9.47,pos,0
TXN-2026-02602,189.36,pos,0
TXN-2026-02603,42.0,pos,0
TXN-2026-02604,21.59,pos,0
TXN-2026-02605,42.55,online,0
TXN-2026-02606,72.14,pos,0
TXN-2026-02607,43.57,online,0
TXN-2026-02608,6.38,online,0
TXN-2026-02609,264.14,online,0
TXN-2026-02610,415.65,online,0
TXN-2026-02611,196.73,pos,0
TXN-2026-02612,22.98,pos,0
TXN-2026-02613,70.68,pos,0
TXN-2026-02614,89.32,pos,0
TXN-2026-02615,184.67,atm,0
TXN-2026-02616,200.74,online,0
TXN-2026-02617,37.3,pos,0
TXN-2026-02618,99.32,pos,0
TXN-2026-02619,155.83,pos,1
TXN-2026-02620,516.45,online,0
TXN-2026-02621,209.64,online,0
TXN-2026-02622,232.03,online,0
TXN-2026-02623,99.54,atm,1
TXN-2026-02624,489.09,pos,1
TXN-2026-02625,147.19,pos,0
TXN-2026-02626,32.03,pos,0
TXN-2026-02627,484.95,pos,0
TXN-2026-02628,207.99,atm,0
TXN-2026-02629,52.9,online,0
TXN-2026-02630,50.63,online,1
TXN-2026-02631,128.5,pos,0
TXN-2026-02632,156.93,pos,0
TXN-2026-02633,114.06,pos,0
TXN-2026-02634,130.79,pos,0
TXN-2026-02635,692.25,online,0
TXN-2026-02636,325.66,pos,0
TXN-2026-02637,113.16,online,0
TXN-2026-02638,278.54,online,0
TXN-2026-02639,26.07,pos,0
TXN-2026-02640,145.11,online,1
TXN-2026-02641,789.32,pos,0
TXN-2026-02642,69.29,online,0
TXN-2026-02643,32.55,online,0
TXN-2026-02644,41.16,atm,0
TXN-2026-02645,24.35,pos,1
TXN-2026-02646,35.1,pos,1
TXN-2026-02647,57.71,pos,0
TXN-2026-02648,16.67,pos,0
TXN-2026-02649,91.72,online,0
TXN-2026-02650,265.8,atm,1
TXN-2026-02651,30.29,pos,0
TXN-2026-02652,557.32,pos,0
TXN-2026-02653,166.16,pos,0
TXN-2026-02654,310.04,pos,1
TXN-2026-02655,40.88,pos,0
TXN-2026-02656,250.99,pos,0
TXN-2026-02657,24.28,online,0
TXN-2026-02658,261.99,pos,1
TXN-2026-02659,110.63,pos,0
TXN-2026-02660,174.85,online,1
TXN-2026-02661,21.96,pos,0
TXN-2026-02662,30.75,online,0
TXN-2026-02663,184.32,online,1
TXN-2026-02664,28.85,online,1
TXN-2026-02665,156.94,pos,0
TXN-2026-02666,17.45,pos,0
TXN-2026-02667,249.09,online,0
TXN-2026-02668,20.51,online,0
TXN-2026-02669,174.65,pos,0
TXN-2026-02670,190.71,pos,0
TXN-2026-02671,39.01,pos,0
TXN-2026-02672,180.99,pos,0
TXN-2026-02673,123.04,online,0
TXN-2026-02674,47.15,pos,0
TXN-2026-02675,26.84,pos,0
TXN-2026-02676,8.54,online,0
TXN-2026-02677,136.95,pos,0
TXN-2026-02678,13.77,online,0
TXN-2026-02679,100.93,online,0
TXN-2026-02680,65.62,pos,0
TXN-2026-02681,203.36,online,0
TXN-2026-02682,62.65,online,0
TXN-2026-02683,60.62,pos,0
TXN-2026-02684,216.64,pos,0
TXN-2026-02685,134.57,pos,0
TXN-2026-02686,131.55,atm,1
TXN-2026-02687,158.08,online,0
TXN-2026-02688,14.26,pos,1
TXN-2026-02689,223.22,online,0
TXN-2026-02690,187.72,pos,0
TXN-2026-02691,26.58,online,0
TXN-2026-02692,67.16,online,0
TXN-2026-02693,85.87,pos,1
TXN-2026-02694,76.6,online,0
TXN-2026-02695,134.37,online,0
TXN-2026-02696,501.52,online,0
TXN-2026-02697,329.68,pos,0
TXN-2026-02698,18.64,online,1
TXN-2026-02699,189.9,atm,0
TXN-2026-02700,443.51,pos,1
TXN-2026-02701,143.19,pos,1
TXN-2026-02702,333.34,pos,0
TXN-2026-02703,1006.99,online,0
TXN-2026-02704,307.49,online,0
TXN-2026-02705,121.41,pos,0
TXN-2026-02706,315.48,online,1
TXN-2026-02707,107.11,pos,0
TXN-2026-02708,92.64,online,0
TXN-2026-02709,59.05,pos,1
TXN-2026-02710,587.63,pos,0
TXN-2026-02711,33.71,pos,0
TXN-2026-02712,566.14,pos,0
TXN-2026-02713,164.0,online,1
TXN-2026-02714,16.79,online,0
TXN-2026-02715,139.94,pos,0
TXN-2026-02716,7.24,pos,0
TXN-2026-02717,190.68,pos,0
TXN-2026-02718,260.42,online,0
TXN-2026-02719,44.22,online,0
TXN-2026-02720,104.4,pos,0
TXN-2026-02721,939.16,online,1
TXN-2026-02722,49.06,pos,0
TXN-2026-02723,25.26,atm,0
TXN-2026-02724,532.72,atm,1
TXN-2026-02725,948.71,online,0
TXN-2026-02726,90.42,atm,1
TXN-2026-02727,303.01,online,0
TXN-2026-02728,450.24,online,0
TXN-2026-02729,36.93,online,0
TXN-2026-02730,69238.21,pos,0
TXN-2026-02731,394.28,pos,0
TXN-2026-02732,679.95,pos,0
TXN-2026-02733,176.88,online,0
TXN-2026-02734,31.32,pos,0
TXN-2026-02735,976.99,pos,0
TXN-2026-02736,47.6,pos,0
TXN-2026-02737,60.21,pos,0
TXN-2026-02738,135.75,online,0
TXN-2026-02739,581.14,atm,0
TXN-2026-02740,250.83,online,0
TXN-2026-02741,148.09,online,0
TXN-2026-02742,156.95,online,0
TXN-2026-02743,94.84,pos,0
TXN-2026-02744,175.87,pos,1
TXN-2026-02745,4.33,online,0
TXN-2026-02746,63.06,pos,0
TXN-2026-02747,120.25,pos,1
TXN-2026-02748,22.62,online,0
TXN-2026-02749,143.11,pos,0
TXN-2026-02750,70.43,pos,0
TXN-2026-02751,739.94,pos,0
TXN-2026-02752,594.44,pos,0
TXN-2026-02753,51.47,pos,0
TXN-2026-02754,75.11,pos,0
TXN-2026-02755,82.37,online,0
TXN-2026-02756,52.35,online,0
TXN-2026-02757,113.75,pos,0
TXN-2026-02758,36.24,online,0
TXN-2026-02759,23.18,pos,0
TXN-2026-02760,190.04,pos,0
TXN-2026-02761,191.6,pos,0
TXN-2026-02762,34.29,online,1
TXN-2026-02763,263.6,pos,0
TXN-2026-02764,42.19,online,0
TXN-2026-02765,121.97,online,0
TXN-2026-02766,240.91,pos,0
TXN-2026-02767,86.46,online,0
TXN-2026-02768,155.35,atm,0
TXN-2026-02769,48.44,pos,0
TXN-2026-02770,71.11,pos,1
TXN-2026-02771,70.31,online,0
TXN-2026-02772,36.75,online,1
TXN-2026-02773,72.81,pos,0
TXN-2026-02774,14.04,pos,0
TXN-2026-02775,49.93,pos,1
TXN-2026-02776,63.95,pos,0
TXN-2026-02777,66.19,pos,1
TXN-2026-02778,67.37,atm,0
TXN-2026-02779,83.59,online,0
TXN-2026-02780,160.02,pos,0
TXN-2026-02781,257.09,online,0
TXN-2026-02782,41.28,online,0
TXN-2026-02783,21.25,pos,0
TXN-2026-02784,25.78,pos,0
TXN-2026-02785,50.17,pos,0
TXN-2026-02786,59.01,online,0
TXN-2026-02787,35.73,pos,0
TXN-2026-02788,19.0,atm,0
TXN-2026-02789,52.07,pos,0
TXN-2026-02790,111.91,pos,0
TXN-2026-02791,183.83,pos,1
TXN-2026-02792,46.11,pos,0
TXN-2026-02793,54.84,online,0
TXN-2026-02794,29.61,atm,0
TXN-2026-02795,86.68,pos,1
TXN-2026-02796,32.52,atm,0
TXN-2026-02797,179.07,online,0
TXN-2026-02798,10.56,pos,0
TXN-2026-02799,58.47,online,0
TXN-2026-02800,129.2,pos,0
TXN-2026-02801,112.24,online,1
TXN-2026-02802,2279.34,pos,1
TXN-2026-02803,136.97,online,0
TXN-2026-02804,26.98,pos,0
TXN-2026-02805,80.27,online,1
TXN-2026-02806,10.68,online,0
TXN-2026-02807,81.72,pos,0
TXN-2026-02808,33.13,pos,0
TXN-2026-02809,270.01,pos,0
TXN-2026-02810,46.55,online,0
TXN-2026-02811,78.25,pos,1
TXN-2026-02812,41.99,online,0
TXN-2026-02813,725.33,pos,0
TXN-2026-02814,61.22,pos,0
TXN-2026-02815,811.65,pos,0
TXN-2026-02816,239.12,pos,0
TXN-2026-02817,160.53,online,0
TXN-2026-02818,140.12,atm,0
TXN-2026-02819,144.4,pos,1
TXN-2026-02820,8.91,pos,0
TXN-2026-02821,64.41,pos,1
TXN-2026-02822,248.19,online,0
TXN-2026-02823,84.89,pos,0
TXN-2026-02824,16.67,online,0
TXN-2026-02825,84.53,atm,0
TXN-2026-02826,695.71,pos,0
TXN-2026-02827,401.93,online,0
TXN-2026-02828,83.56,pos,0
TXN-2026-02829,281.95,pos,0
TXN-2026-02830,57.99,pos,0
TXN-2026-02831,11.65,pos,0
TXN-2026-02832,29.68,pos,0
TXN-2026-02833,587.26,pos,0
TXN-2026-02834,64.79,pos,0
TXN-2026-02835,67.22,pos,0
TXN-2026-02836,62.82,online,0
TXN-2026-02837,884.45,atm,0
TXN-2026-02838,633.43,pos,0
TXN-2026-02839,1290.18,pos,1
TXN-2026-02840,74.38,pos,0
TXN-2026-02841,128.35,online,1
TXN-2026-02842,14.59,online,0
TXN-2026-02843,529.71,pos,1
TXN-2026-02844,22.17,pos,0
TXN-2026-02845,116.76,pos,1
TXN-2026-02846,24.12,pos,0
TXN-2026-02847,44.41,atm,0
TXN-2026-02848,32.96,online,0
TXN-2026-02849,43.4,pos,0
TXN-2026-02850,47.14,pos,1
TXN-2026-02851,46.62,pos,0
TXN-2026-02852,244.69,pos,1
TXN-2026-02853,128772.16,online,0
TXN-2026-02854,117.29,pos,0
TXN-2026-02855,388.21,pos,0
TXN-2026-02856,48.63,pos,1
TXN-2026-02857,38.03,online,0
TXN-2026-02858,68.26,online,0
TXN-2026-02859,370.8,pos,0
TXN-2026-02860,113.63,pos,0
TXN-2026-02861,47.59,pos,1
TXN-2026-02862,160.88,atm,0
TXN-2026-02863,23.98,pos,0
TXN-2026-02864,203.9,pos,0
TXN-2026-02865,146.98,pos,1
TXN-2026-02866,62.22,online,0
TXN-2026-02867,32.91,pos,0
TXN-2026-02868,31.06,pos,0
TXN-2026-02869,171.02,online,0
TXN-2026-02870,393.38,online,0
TXN-2026-02871,41.9,online,0
TXN-2026-02872,156.03,online,1
TXN-2026-02873,7.36,pos,1
TXN-2026-02874,44.63,pos,0
TXN-2026-02875,86.72,atm,0
TXN-2026-02876,30.22,pos,0
TXN-2026-02877,29.26,online,0
TXN-2026-02878,40.39,online,0
TXN-2026-02879,127.82,pos,0
TXN-2026-02880,71.89,pos,0
TXN-2026-02881,6.14,online,0
TXN-2026-02882,7.07,online,1
TXN-2026-02883,43.46,online,0
TXN-2026-02884,155.9,pos,0
TXN-2026-02885,3.33,pos,0
TXN-2026-02886,49.42,pos,0
TXN-2026-02887,47.87,pos,0
TXN-2026-02888,476.28,pos,0
TXN-2026-02889,56.71,atm,1
TXN-2026-02890,142.53,online,0
TXN-2026-02891,106.65,online,0
TXN-2026-02892,6.98,pos,0
TXN-2026-02893,226.3,pos,1
TXN-2026-02894,116.57,atm,0
TXN-2026-02895,165.66,pos,0
TXN-2026-02896,10011.46,pos,0
TXN-2026-02897,7.38,pos,0
TXN-2026-02898,713.11,online,1
TXN-2026-02899,63.76,online,0
TXN-2026-02900,127.08,pos,0
TXN-2026-02901,85.23,online,0
TXN-2026-02902,54.1,pos,0
TXN-2026-02903,45.43,pos,1
TXN-2026-02904,133.67,online,0
TXN-2026-02905,14.58,online,0
TXN-2026-02906,221.56,online,1
TXN-2026-02907,54.63,online,0
TXN-2026-02908,23.19,online,0
TXN-2026-02909,52.46,online,0
TXN-2026-02910,406.9,online,0
TXN-2026-02911,47.35,online,0
TXN-2026-02912,138.4,atm,0
TXN-2026-02913,37.44,atm,0
TXN-2026-02914,223.52,pos,1
TXN-2026-02915,204.92,online,0
TXN-2026-02916,827.44,pos,0
TXN-2026-02917,72.92,pos,0
TXN-2026-02918,200.82,online,1
TXN-2026-02919,101.26,pos,0
TXN-2026-02920,147009.96,pos,1
TXN-2026-02921,37.99,online,0
TXN-2026-02922,220.08,pos,1
TXN-2026-02923,71.26,pos,0
TXN-2026-02924,83.34,atm,0
TXN-2026-02925,100.49,pos,0
TXN-2026-02926,121.84,pos,1
TXN-2026-02927,78.3,pos,0
TXN-2026-02928,116.47,pos,0
TXN-2026-02929,598.09,online,0
TXN-2026-02930,293.69,online,1
TXN-2026-02931,255.44,pos,0
TXN-2026-02932,80406.68,online,0
TXN-2026-02933,30.97,pos,0
TXN-2026-02934,283.26,pos,0
TXN-2026-02935,257.56,online,1
TXN-2026-02936,527.0,online,1
TXN-2026-02937,43.61,online,0
TXN-2026-02938,68.34,pos,0
TXN-2026-02939,12.59,pos,1
TXN-2026-02940,56.21,pos,1
TXN-2026-02941,297.64,pos,0
TXN-2026-02942,51.43,online,0
TXN-2026-02943,194.14,pos,0
TXN-2026-02944,71.62,online,0
TXN-2026-02945,132.8,pos,0
TXN-2026-02946,22.71,pos,0
TXN-2026-02947,99.71,pos,0
TXN-2026-02948,2.49,pos,0
TXN-2026-02949,71.93,online,0
TXN-2026-02950,12.72,pos,0
TXN-2026-02951,382.68,pos,0
TXN-2026-02952,228.81,online,0
TXN-2026-02953,157.59,online,0
TXN-2026-02954,558.47,pos,0
TXN-2026-02955,28.83,pos,1
TXN-2026-02956,732.77,online,0
TXN-2026-02957,275.51,atm,0
TXN-2026-02958,67.77,online,1
TXN-2026-02959,351.69,pos,0
TXN-2026-02960,23.87,atm,1
TXN-2026-02961,33.47,pos,0
TXN-2026-02962,43.37,pos,0
TXN-2026-02963,47.71,online,0
TXN-2026-02964,25.33,pos,0
TXN-2026-02965,390.61,pos,0
TXN-2026-02966,65.98,pos,1
TXN-2026-02967,137.42,pos,1
TXN-2026-02968,45.4,online,0
TXN-2026-02969,10.13,online,0
TXN-2026-02970,124.47,pos,0
TXN-2026-02971,9.07,pos,0
TXN-2026-02972,82.9,atm,0
TXN-2026-02973,17.43,online,0
TXN-2026-02974,977.24,pos,0
TXN-2026-02975,268.71,atm,0
TXN-2026-02976,102.2,online,0
TXN-2026-02977,410.12,pos,0
TXN-2026-02978,32.6,pos,0
TXN-2026-02979,172.81,pos,0
TXN-2026-02980,114.41,online,1
TXN-2026-02981,123.57,pos,0
TXN-2026-02982,414.4,pos,0
TXN-2026-02983,216.8,pos,0
TXN-2026-02984,127.29,atm,0
TXN-2026-02985,12.36,pos,0
TXN-2026-02986,28.44,atm,0
TXN-2026-02987,77.69,atm,0
TXN-2026-02988,100.69,pos,1
TXN-2026-02989,23.19,pos,0
TXN-2026-02990,1626.22,pos,0
TXN-2026-02991,555.39,atm,0
TXN-2026-02992,185.4,pos,1
TXN-2026-02993,98.14,pos,0
TXN-2026-02994,69.78,pos,0
TXN-2026-02995,28.72,pos,0
TXN-2026-02996,98.79,atm,0
TXN-2026-02997,122.65,online,0
TXN-2026-02998,20.29,online,0
TXN-2026-02999,134.43,pos,0
TXN-2026-03000,74.72,pos,1
TXN-2026-03001,9.12,atm,0
TXN-2026-03002,32.06,pos,0
TXN-2026-03003,54.8,atm,0
TXN-2026-03004,867.16,pos,0
TXN-2026-03005,175.54,pos,1
TXN-2026-03006,18.13,online,0
TXN-2026-03007,161.3,atm,0
TXN-2026-03008,14.06,atm,1
TXN-2026-03009,330.05,pos,0
TXN-2026-03010,51.14,pos,0
TXN-2026-03011,80.45,online,0
TXN-2026-03012,441.84,online,1
TXN-2026-03013,19.21,online,1
TXN-2026-03014,16.83,pos,0
TXN-2026-03015,44.69,atm,0
TXN-2026-03016,312.95,online,1
TXN-2026-03017,14.54,online,0
TXN-2026-03018,3.01,pos,1
TXN-2026-03019,52.38,pos,0
TXN-2026-03020,174.53,atm,0
TXN-2026-03021,380.05,online,0
TXN-2026-03022,51.64,online,0
TXN-2026-03023,54.94,atm,0
TXN-2026-03024,359.49,online,1
TXN-2026-03025,9.55,pos,0
TXN-2026-03026,56.47,pos,1
TXN-2026-03027,113.13,pos,0
TXN-2026-03028,154.33,pos,0
TXN-2026-03029,48.82,pos,1
TXN-2026-03030,93.82,pos,0
TXN-2026-03031,4.54,pos,0
TXN-2026-03032,40.86,pos,0
TXN-2026-03033,155.12,pos,0
TXN-2026-03034,27.69,pos,0
TXN-2026-03035,96.62,pos,1
TXN-2026-03036,153.89,online,1
TXN-2026-03037,59.68,pos,0
TXN-2026-03038,110.45,pos,0
TXN-2026-03039,28.35,online,0
TXN-2026-03040,70.25,online,0
TXN-2026-03041,187.22,pos,0
TXN-2026-03042,108.68,online,1
TXN-2026-03043,44.53,atm,0
TXN-2026-03044,117.81,online,0
TXN-2026-03045,212.2,pos,1
TXN-2026-03046,7.69,online,0
TXN-2026-03047,361.73,pos,1
TXN-2026-03048,60.13,online,0
TXN-2026-03049,149.99,atm,0
TXN-2026-03050,378.68,pos,1
TXN-2026-03051,17.36,atm,0
TXN-2026-03052,38.42,pos,1
TXN-2026-03053,63.67,atm,1
TXN-2026-03054,35.15,online,0
TXN-2026-03055,721.93,pos,0
TXN-2026-03056,32.2,online,0
TXN-2026-03057,46.22,pos,1
TXN-2026-03058,115.04,pos,0
TXN-2026-03059,21.27,online,0
TXN-2026-03060,55.99,pos,0
TXN-2026-03061,131.75,online,0
TXN-2026-03062,60.37,pos,1
TXN-2026-03063,80.47,pos,1
TXN-2026-03064,47.69,atm,1
TXN-2026-03065,14.62,pos,0
TXN-2026-03066,132.41,online,0
TXN-2026-03067,739.46,online,0
TXN-2026-03068,92.03,online,0
TXN-2026-03069,117.96,atm,0
TXN-2026-03070,206.7,online,1
TXN-2026-03071,19.62,pos,1
TXN-2026-03072,694.38,online,1
TXN-2026-03073,114.75,pos,1
TXN-2026-03074,637.93,pos,1
TXN-2026-03075,37.35,atm,0
TXN-2026-03076,797.65,online,1
TXN-2026-03077,228.19,online,0
TXN-2026-03078,174.8,online,0
TXN-2026-03079,119.2,online,0
TXN-2026-03080,66.8,atm,0
TXN-2026-03081,380.18,pos,0
TXN-2026-03082,106.53,pos,0
TXN-2026-03083,8.5,pos,0
TXN-2026-03084,23.56,online,1
TXN-2026-03085,72.02,pos,1
TXN-2026-03086,130.58,pos,0
TXN-2026-03087,84.11,pos,0
TXN-2026-03088,388.68,atm,0
TXN-2026-03089,8.66,online,0
TXN-2026-03090,106.94,pos,0
TXN-2026-03091,10.16,pos,1
TXN-2026-03092,224.0,pos,0
TXN-2026-03093,80.37,pos,0
TXN-2026-03094,148.94,pos,0
TXN-2026-03095,31.92,atm,0
TXN-2026-03096,417.95,atm,0
TXN-2026-03097,314.21,pos,0
TXN-2026-03098,181.32,pos,1
TXN-2026-03099,77.06,pos,0
TXN-2026-03100,180.52,pos,0
TXN-2026-03101,38.54,pos,0
TXN-2026-03102,251.3,pos,0
TXN-2026-03103,651.56,pos,0
TXN-2026-03104,325.3,online,0
TXN-2026-03105,37.51,online,0
TXN-2026-03106,138.89,online,0
TXN-2026-03107,19.07,pos,0
TXN-2026-03108,178.91,atm,0
TXN-2026-03109,154.58,atm,0
TXN-2026-03110,9.55,pos,0
TXN-2026-03111,22.33,pos,0
TXN-2026-03112,64.09,pos,0
TXN-2026-03113,62.74,pos,0
TXN-2026-03114,21.09,pos,0
TXN-2026-03115,143.56,online,0
TXN-2026-03116,121.73,pos,0
TXN-2026-03117,71.3,pos,0
TXN-2026-03118,36.34,pos,1
TXN-2026-03119,316.86,atm,0
TXN-2026-03120,656.22,pos,1
TXN-2026-03121,50.39,online,1
TXN-2026-03122,43.18,pos,1
TXN-2026-03123,162.3,pos,0
TXN-2026-03124,58.58,online,0
TXN-2026-03125,76.15,pos,0
TXN-2026-03126,218.67,pos,0
TXN-2026-03127,9.1,pos,0
TXN-2026-03128,437.89,online,1
TXN-2026-03129,98.22,online,0
TXN-2026-03130,54.94,pos,0
TXN-2026-03131,80.88,online,0
TXN-2026-03132,81297.9,pos,0
TXN-2026-03133,11.27,online,0
TXN-2026-03134,541.27,pos,0
TXN-2026-03135,94.59,online,0
TXN-2026-03136,153.18,atm,0
TXN-2026-03137,281.99,atm,1
TXN-2026-03138,26.43,pos,1
TXN-2026-03139,158.88,online,0
TXN-2026-03140,65.29,pos,1
TXN-2026-03141,248.67,atm,0
TXN-2026-03142,7.01,pos,0
TXN-2026-03143,79.92,pos,0
TXN-2026-03144,43.67,pos,0
TXN-2026-03145,151.22,pos,0
TXN-2026-03146,158.23,online,0
TXN-2026-03147,38.51,atm,0
TXN-2026-03148,38.3,online,0
TXN-2026-03149,78.82,online,0
TXN-2026-03150,30.69,online,0
TXN-2026-03151,247.25,pos,0
TXN-2026-03152,57.8,pos,1
TXN-2026-03153,2.75,pos,0
TXN-2026-03154,57.41,pos,0
TXN-2026-03155,25.89,pos,0
TXN-2026-03156,12.71,pos,0
TXN-2026-03157,20.39,pos,0
TXN-2026-03158,102.65,pos,0
TXN-2026-03159,443.35,atm,0
TXN-2026-03160,131.08,pos,0
TXN-2026-03161,43.48,pos,0
TXN-2026-03162,155.57,online,0
TXN-2026-03163,51.89,pos,1
TXN-2026-03164,39.11,pos,1
TXN-2026-03165,22.53,pos,0
TXN-2026-03166,11.0,pos,0
TXN-2026-03167,56.38,pos,1
TXN-2026-03168,108.82,pos,0
TXN-2026-03169,80.16,online,0
TXN-2026-03170,54.64,online,0
TXN-2026-03171,28.94,pos,0
TXN-2026-03172,186.77,pos,1
TXN-2026-03173,138727.96,pos,0
TXN-2026-03174,228.43,online,0
TXN-2026-03175,27.04,pos,1
TXN-2026-03176,36.49,online,1
TXN-2026-03177,15.48,online,0
TXN-2026-03178,49.32,pos,0
TXN-2026-03179,290.14,pos,0
TXN-2026-03180,167.13,pos,0
TXN-2026-03181,291.23,pos,1
TXN-2026-03182,168.44,pos,0
TXN-2026-03183,23.94,pos,0
TXN-2026-03184,60.52,pos,0
TXN-2026-03185,35.3,pos,0
TXN-2026-03186,444.38,online,0
TXN-2026-03187,21.41,pos,0
TXN-2026-03188,263.07,atm,0
TXN-2026-03189,262.84,atm,0
TXN-2026-03190,808.79,atm,1
TXN-2026-03191,55.06,online,0
TXN-2026-03192,211.62,pos,0
TXN-2026-03193,1391.28,pos,0
TXN-2026-03194,42.9,online,0
TXN-2026-03195,14.27,online,0
TXN-2026-03196,9.43,online,0
TXN-2026-03197,211.72,atm,0
TXN-2026-03198,9.4,pos,0
TXN-2026-03199,57.58,pos,0
TXN-2026-03200,152.14,pos,0
TXN-2026-03201,112.42,pos,1
TXN-2026-03202,149.98,pos,0
TXN-2026-03203,117.54,online,1
TXN-2026-03204,417.65,online,1
TXN-2026-03205,28.71,pos,0
TXN-2026-03206,39.95,atm,0
TXN-2026-03207,35.62,online,0
TXN-2026-03208,243.77,online,0
TXN-2026-03209,265.2,pos,0
TXN-2026-03210,154.7,online,1
TXN-2026-03211,372.48,online,0
TXN-2026-03212,21.9,pos,0
TXN-2026-03213,665.59,pos,0
TXN-2026-03214,559.97,atm,0
TXN-2026-03215,217.62,pos,0
TXN-2026-03216,763.69,pos,0
TXN-2026-03217,12.33,pos,0
TXN-2026-03218,47.97,online,0
TXN-2026-03219,37.25,online,0
TXN-2026-03220,213.96,pos,0
TXN-2026-03221,25.53,pos,0
TXN-2026-03222,223.41,atm,0
TXN-2026-03223,466.21,online,1
TXN-2026-03224,207.32,online,1
TXN-2026-03225,126.53,pos,0
TXN-2026-03226,27.51,pos,0
TXN-2026-03227,32.58,pos,0
TXN-2026-03228,403.24,online,0
TXN-2026-03229,229.34,pos,1
TXN-2026-03230,85.9,pos,0
TXN-2026-03231,54.52,pos,0
TXN-2026-03232,7.92,pos,0
TXN-2026-03233,24.9,online,0
TXN-2026-03234,892.21,pos,0
TXN-2026-03235,19.36,online,0
TXN-2026-03236,113.0,atm,0
TXN-2026-03237,301.55,pos,0
TXN-2026-03238,19.97,online,0
TXN-2026-03239,112.35,atm,0
TXN-2026-03240,277.41,atm,0
TXN-2026-03241,91.38,pos,0
TXN-2026-03242,2813.22,pos,0
TXN-2026-03243,12.15,pos,0
TXN-2026-03244,320.69,online,0
TXN-2026-03245,73.16,online,0
TXN-2026-03246,227.31,online,0
TXN-2026-03247,152.87,pos,0
TXN-2026-03248,37.35,pos,0
TXN-2026-03249,118.49,online,0
TXN-2026-03250,9.68,pos,0
TXN-2026-03251,185.66,online,0
TXN-2026-03252,128.74,pos,0
TXN-2026-03253,193.72,pos,0
TXN-2026-03254,320.46,pos,0
TXN-2026-03255,139.93,pos,1
TXN-2026-03256,107.52,pos,0
TXN-2026-03257,31.27,pos,0
TXN-2026-03258,38.3,pos,0
TXN-2026-03259,373.93,pos,0
TXN-2026-03260,504.52,pos,0
TXN-2026-03261,67.64,online,0
TXN-2026-03262,95.13,pos,0
TXN-2026-03263,30.4,online,0
TXN-2026-03264,367.72,online,1
TXN-2026-03265,200.04,online,0
TXN-2026-03266,924.69,atm,1
TXN-2026-03267,31.38,pos,0
TXN-2026-03268,57.19,online,0
TXN-2026-03269,118.83,atm,0
TXN-2026-03270,195.54,online,0
TXN-2026-03271,69.49,pos,0
TXN-2026-03272,31.58,pos,0
TXN-2026-03273,259.22,pos,0
TXN-2026-03274,213.87,online,1
TXN-2026-03275,29.98,online,0
TXN-2026-03276,457.85,pos,0
TXN-2026-03277,366.59,pos,0
TXN-2026-03278,105.76,online,0
TXN-2026-03279,99.04,pos,0
TXN-2026-03280,175.01,online,0
TXN-2026-03281,32.01,online,1
TXN-2026-03282,93.32,pos,0
TXN-2026-03283,6.8,online,0
TXN-2026-03284,257.69,pos,0
TXN-2026-03285,13.82,online,1
TXN-2026-03286,546.81,atm,0
TXN-2026-03287,60.57,online,0
TXN-2026-03288,69.83,pos,1
TXN-2026-03289,42.38,pos,1
TXN-2026-03290,63.71,pos,0
TXN-2026-03291,493.85,pos,1
TXN-2026-03292,4.55,pos,0
TXN-2026-03293,416.7,pos,0
TXN-2026-03294,135.05,pos,0
TXN-2026-03295,21.15,pos,1
TXN-2026-03296,24.77,pos,0
TXN-2026-03297,672.95,atm,0
TXN-2026-03298,28.94,online,1
TXN-2026-03299,22.56,pos,0
TXN-2026-03300,352.4,pos,0
TXN-2026-03301,135.13,pos,0
TXN-2026-03302,29.21,pos,0
TXN-2026-03303,116.74,pos,0
TXN-2026-03304,26.29,online,1
TXN-2026-03305,337.3,online,0
TXN-2026-03306,321.71,online,0
TXN-2026-03307,170.44,pos,0
TXN-2026-03308,138.93,atm,0
TXN-2026-03309,745.03,atm,0
TXN-2026-03310,89.98,pos,0
TXN-2026-03311,21.8,pos,0
TXN-2026-03312,154.37,pos,1
TXN-2026-03313,1100.21,pos,0
TXN-2026-03314,26.64,online,0
TXN-2026-03315,58.34,pos,1
TXN-2026-03316,148.37,pos,1
TXN-2026-03317,84.38,pos,0
TXN-2026-03318,27.69,pos,1
TXN-2026-03319,345.93,online,0
TXN-2026-03320,1456.87,online,0
TXN-2026-03321,113.9,online,0
TXN-2026-03322,30.42,pos,0
TXN-2026-03323,14.03,online,0
TXN-2026-03324,122.68,pos,0
TXN-2026-03325,338.54,online,0
TXN-2026-03326,159.21,pos,0
TXN-2026-03327,89.76,pos,0
TXN-2026-03328,44.38,pos,0
TXN-2026-03329,24.27,pos,0
TXN-2026-03330,245.11,atm,0
TXN-2026-03331,269.49,pos,0
TXN-2026-03332,14.09,pos,0
TXN-2026-03333,606.56,pos,0
TXN-2026-03334,179.27,online,0
TXN-2026-03335,482.76,pos,0
TXN-2026-03336,17.98,online,1
TXN-2026-03337,17.48,online,0
TXN-2026-03338,75.28,pos,0
TXN-2026-03339,164.57,pos,0
TXN-2026-03340,777.15,pos,0
TXN-2026-03341,210.04,online,0
TXN-2026-03342,67.27,pos,0
TXN-2026-03343,26.27,pos,1
TXN-2026-03344,393.86,online,0
TXN-2026-03345,28.29,online,0
TXN-2026-03346,635.34,pos,1
TXN-2026-03347,63.99,pos,0
TXN-2026-03348,607.1,pos,0
TXN-2026-03349,203.31,pos,1
TXN-2026-03350,76.37,pos,0
TXN-2026-03351,48.27,atm,0
TXN-2026-03352,59.79,pos,1
TXN-2026-03353,150.5,online,0
TXN-2026-03354,98.75,online,1
TXN-2026-03355,44.14,pos,0
TXN-2026-03356,73.79,online,0
TXN-2026-03357,98.92,pos,0
TXN-2026-03358,7.0,atm,0
TXN-2026-03359,155.99,online,0
TXN-2026-03360,27.78,pos,0
TXN-2026-03361,22.56,pos,0
TXN-2026-03362,11.88,pos,0
TXN-2026-03363,10.46,pos,0
TXN-2026-03364,17.7,pos,0
TXN-2026-03365,38.44,pos,0
TXN-2026-03366,938.15,online,0
TXN-2026-03367,47.89,pos,1
TXN-2026-03368,32554.57,online,0
TXN-2026-03369,145.56,online,0
TXN-2026-03370,105.35,pos,1
TXN-2026-03371,82.03,online,0
TXN-2026-03372,21.45,pos,0
TXN-2026-03373,513.43,pos,0
TXN-2026-03374,787.32,online,1
TXN-2026-03375,11.95,pos,0
TXN-2026-03376,26.34,online,1
TXN-2026-03377,64.34,online,1
TXN-2026-03378,28.29,atm,0
TXN-2026-03379,165.2,online,0
TXN-2026-03380,37.57,online,0
TXN-2026-03381,1209.63,pos,0
TXN-2026-03382,375.65,pos,0
TXN-2026-03383,116.17,online,1
TXN-2026-03384,308.7,pos,0
TXN-2026-03385,339.37,pos,0
TXN-2026-03386,45.75,pos,0
TXN-2026-03387,33.8,online,0
TXN-2026-03388,98.87,pos,0
TXN-2026-03389,253.15,online,0
TXN-2026-03390,106.36,pos,0
TXN-2026-03391,13.57,pos,0
TXN-2026-03392,34.35,pos,1
TXN-2026-03393,82.37,pos,0
TXN-2026-03394,82.2,online,0
TXN-2026-03395,960.11,pos,0
TXN-2026-03396,17.06,pos,0
TXN-2026-03397,165.13,pos,0
TXN-2026-03398,537.5,pos,0
TXN-2026-03399,1374.35,pos,1
TXN-2026-03400,55.41,pos,0
TXN-2026-03401,162.34,atm,1
TXN-2026-03402,178.34,online,0
TXN-2026-03403,113.82,pos,1
TXN-2026-03404,79.95,pos,0
TXN-2026-03405,151.89,pos,0
TXN-2026-03406,4.31,pos,0
TXN-2026-03407,204.07,online,1
TXN-2026-03408,104.73,online,1
TXN-2026-03409,68.93,pos,0
TXN-2026-03410,1049.67,online,0
TXN-2026-03411,40.05,pos,0
TXN-2026-03412,55.5,pos,1
TXN-2026-03413,982.27,pos,1
TXN-2026-03414,33.17,pos,1
TXN-2026-03415,46.52,atm,1
TXN-2026-03416,75.46,pos,1
TXN-2026-03417,246.87,pos,0
TXN-2026-03418,115.51,atm,1
TXN-2026-03419,19.08,online,0
TXN-2026-03420,47.53,online,1
TXN-2026-03421,43.43,atm,0
TXN-2026-03422,82.05,pos,0
TXN-2026-03423,150.06,online,0
TXN-2026-03424,148.69,online,0
TXN-2026-03425,10.68,online,0
TXN-2026-03426,322.7,online,0
TXN-2026-03427,121.89,pos,0
TXN-2026-03428,474.11,online,0
TXN-2026-03429,153.4,pos,0
TXN-2026-03430,337.51,pos,0
TXN-2026-03431,157.57,pos,1
TXN-2026-03432,452.81,atm,0
TXN-2026-03433,168.46,pos,0
TXN-2026-03434,80.04,pos,0
TXN-2026-03435,1375.98,pos,0
TXN-2026-03436,261.61,atm,0
TXN-2026-03437,179.2,pos,0
TXN-2026-03438,19.46,online,0
TXN-2026-03439,19.18,online,0
TXN-2026-03440,127.9,pos,0
TXN-2026-03441,107.19,pos,0
TXN-2026-03442,43.08,online,0
TXN-2026-03443,106.61,atm,1
TXN-2026-03444,605.68,online,0
TXN-2026-03445,207.37,pos,0
TXN-2026-03446,22.89,online,0
TXN-2026-03447,78.74,pos,0
TXN-2026-03448,34.26,online,0
TXN-2026-03449,56.53,online,0
TXN-2026-03450,54.8,pos,0
TXN-2026-03451,50.75,online,0
TXN-2026-03452,19.96,online,0
TXN-2026-03453,77.23,online,0
TXN-2026-03454,45.94,pos,0
TXN-2026-03455,2.68,pos,1
TXN-2026-03456,1057.4,online,0
TXN-2026-03457,332.46,pos,0
TXN-2026-03458,57.31,pos,0
TXN-2026-03459,92.07,atm,0
TXN-2026-03460,22.07,pos,0
TXN-2026-03461,688.74,atm,0
TXN-2026-03462,877.21,pos,1
TXN-2026-03463,108.64,pos,0
TXN-2026-03464,119588.11,online,0
TXN-2026-03465,111.09,online,0
TXN-2026-03466,18.1,online,1
TXN-2026-03467,54.92,pos,0
TXN-2026-03468,105.46,online,0
TXN-2026-03469,52.17,pos,0
TXN-2026-03470,69.24,pos,0
TXN-2026-03471,80.67,pos,0
TXN-2026-03472,81.69,online,1
TXN-2026-03473,95.84,pos,0
TXN-2026-03474,25.21,pos,0
TXN-2026-03475,38.08,pos,1
TXN-2026-03476,19.27,pos,0
TXN-2026-03477,291.02,pos,0
TXN-2026-03478,7.19,online,0
TXN-2026-03479,359.35,pos,0
TXN-2026-03480,475.14,online,0
TXN-2026-03481,62.64,online,0
TXN-2026-03482,3.96,pos,1
TXN-2026-03483,58.35,online,1
TXN-2026-03484,83.34,pos,0
TXN-2026-03485,26.77,online,0
TXN-2026-03486,48.51,atm,0
TXN-2026-03487,564.67,pos,0
TXN-2026-03488,199.92,online,0
TXN-2026-03489,29.68,pos,0
TXN-2026-03490,13.24,pos,0
TXN-2026-03491,60.8,online,1
TXN-2026-03492,69.68,pos,0
TXN-2026-03493,163.28,pos,0
TXN-2026-03494,47.35,pos,0
TXN-2026-03495,166.3,online,0
TXN-2026-03496,917.99,pos,1
TXN-2026-03497,239.51,atm,1
TXN-2026-03498,84.97,pos,0
TXN-2026-03499,72.26,pos,0
TXN-2026-03500,58.67,online,0
TXN-2026-03501,371.21,pos,0
TXN-2026-03502,42.4,online,0
TXN-2026-03503,95.04,pos,0
TXN-2026-03504,95.72,pos,0
TXN-2026-03505,49.3,pos,0
TXN-2026-03506,17.34,atm,0
TXN-2026-03507,132.63,online,0
TXN-2026-03508,83.66,online,0
TXN-2026-03509,164.07,pos,0
TXN-2026-03510,47.45,online,0
TXN-2026-03511,389.55,pos,0
TXN-2026-03512,31.43,atm,0
TXN-2026-03513,702.36,online,1
TXN-2026-03514,11.05,online,1
TXN-2026-03515,151.67,pos,1
TXN-2026-03516,159.26,pos,0
TXN-2026-03517,34.65,pos,0
TXN-2026-03518,149.8,atm,0
TXN-2026-03519,417.98,pos,0
TXN-2026-03520,6.3,pos,0
TXN-2026-03521,164.56,pos,0
TXN-2026-03522,4.52,pos,0
TXN-2026-03523,28.25,pos,0
TXN-2026-03524,635.87,online,1
TXN-2026-03525,44.78,online,0
TXN-2026-03526,22.01,online,1
TXN-2026-03527,70.99,online,0
TXN-2026-03528,1076.52,pos,0
TXN-2026-03529,9.99,pos,0
TXN-2026-03530,25.49,pos,0
TXN-2026-03531,542.9,atm,0
TXN-2026-03532,836.51,pos,0
TXN-2026-03533,79.51,pos,0
TXN-2026-03534,133800.06,pos,0
TXN-2026-03535,1113.22,pos,0
TXN-2026-03536,100415.7,pos,0
TXN-2026-03537,203.31,pos,0
TXN-2026-03538,33.96,online,1
TXN-2026-03539,84.87,online,0
TXN-2026-03540,74.26,pos,0
TXN-2026-03541,133.89,pos,0
TXN-2026-03542,513.48,online,1
TXN-2026-03543,258.6,pos,0
TXN-2026-03544,24.71,online,0
TXN-2026-03545,469.56,pos,0
TXN-2026-03546,131.07,online,0
TXN-2026-03547,205.3,online,0
TXN-2026-03548,523.14,online,0
TXN-2026-03549,23.71,online,1
TXN-2026-03550,86.23,pos,0
TXN-2026-03551,47.57,pos,1
TXN-2026-03552,13.72,pos,1
TXN-2026-03553,136.46,online,0
TXN-2026-03554,1833.29,pos,0
TXN-2026-03555,9.89,online,0
TXN-2026-03556,86.6,pos,1
TXN-2026-03557,194.15,pos,0
TXN-2026-03558,104.34,online,0
TXN-2026-03559,78.59,pos,0
TXN-2026-03560,18.93,pos,1
TXN-2026-03561,119.03,pos,1
TXN-2026-03562,36.3,pos,0
TXN-2026-03563,6.5,online,0
TXN-2026-03564,377.48,online,0
TXN-2026-03565,284.31,pos,0
TXN-2026-03566,95.77,pos,1
TXN-2026-03567,118.5,pos,0
TXN-2026-03568,326.75,pos,0
TXN-2026-03569,117.83,atm,0
TXN-2026-03570,266.35,online,0
TXN-2026-03571,62.99,pos,0
TXN-2026-03572,434.58,pos,0
TXN-2026-03573,132.28,atm,0
TXN-2026-03574,113.62,pos,0
TXN-2026-03575,19.61,pos,0
TXN-2026-03576,127.02,online,0
TXN-2026-03577,33.17,pos,0
TXN-2026-03578,41.85,pos,0
TXN-2026-03579,33.84,atm,0
TXN-2026-03580,25.04,online,0
TXN-2026-03581,1152.54,pos,0
TXN-2026-03582,444.79,pos,0
TXN-2026-03583,901.84,pos,0
TXN-2026-03584,20.75,online,1
TXN-2026-03585,98.05,pos,0
TXN-2026-03586,19.06,pos,0
TXN-2026-03587,39.06,atm,0
TXN-2026-03588,29.91,pos,0
TXN-2026-03589,398.42,pos,0
TXN-2026-03590,55.95,pos,0
TXN-2026-03591,324.43,pos,0
TXN-2026-03592,185.85,pos,0
TXN-2026-03593,1428.48,atm,0
TXN-2026-03594,15.25,online,1
TXN-2026-03595,407.92,pos,0
TXN-2026-03596,356.28,pos,1
TXN-2026-03597,27.99,online,0
TXN-2026-03598,301.44,pos,0
TXN-2026-03599,134.74,pos,0
TXN-2026-03600,68.51,atm,0
TXN-2026-03601,33.49,pos,0
TXN-2026-03602,37.98,pos,0
TXN-2026-03603,1053.4,pos,0
TXN-2026-03604,90.09,pos,0
TXN-2026-03605,230.11,pos,0
TXN-2026-03606,34.85,pos,0
TXN-2026-03607,35.31,pos,1
TXN-2026-03608,329.77,online,0
TXN-2026-03609,17.82,pos,1
TXN-2026-03610,54.69,pos,0
TXN-2026-03611,93.77,online,1
TXN-2026-03612,102.89,online,0
TXN-2026-03613,72.61,pos,0
TXN-2026-03614,144.75,pos,0
TXN-2026-03615,206.73,pos,0
TXN-2026-03616,217.36,online,0
TXN-2026-03617,27.58,pos,0
TXN-2026-03618,64.01,pos,1
TXN-2026-03619,377.55,pos,0
TXN-2026-03620,263.37,pos,0
TXN-2026-03621,17.33,pos,0
TXN-2026-03622,137.25,pos,0
TXN-2026-03623,95682.05,online,0
TXN-2026-03624,95.23,online,0
TXN-2026-03625,877.71,pos,1
TXN-2026-03626,28.86,pos,0
TXN-2026-03627,33.08,pos,0
TXN-2026-03628,225.17,pos,0
TXN-2026-03629,14.13,online,1
TXN-2026-03630,42.13,atm,0
TXN-2026-03631,184.15,pos,1
TXN-2026-03632,42.05,pos,0
TXN-2026-03633,67.82,pos,0
TXN-2026-03634,219.87,online,0
TXN-2026-03635,149.28,online,0
TXN-2026-03636,123.99,online,0
TXN-2026-03637,59.92,online,0
TXN-2026-03638,140.34,pos,0
TXN-2026-03639,77.6,online,1
TXN-2026-03640,155.92,online,1
TXN-2026-03641,33328.5,pos,1
TXN-2026-03642,72.31,pos,1
TXN-2026-03643,27.44,online,0
TXN-2026-03644,86.31,online,0
TXN-2026-03645,34.01,online,1
TXN-2026-03646,23.64,online,0
TXN-2026-03647,122.78,online,0
TXN-2026-03648,116.2,online,0
TXN-2026-03649,230.32,pos,0
TXN-2026-03650,53.66,online,0
TXN-2026-03651,146.89,pos,0
TXN-2026-03652,174.33,pos,0
TXN-2026-03653,153.5,pos,1
TXN-2026-03654,33.42,online,0
TXN-2026-03655,107.69,online,1
TXN-2026-03656,139.35,atm,0
TXN-2026-03657,90.8,pos,1
TXN-2026-03658,7.36,pos,0
TXN-2026-03659,109.14,pos,0
TXN-2026-03660,1280.54,pos,1
TXN-2026-03661,58.44,online,0
TXN-2026-03662,37.57,pos,1
TXN-2026-03663,140.9,online,0
TXN-2026-03664,130.96,online,0
TXN-2026-03665,376.64,pos,0
TXN-2026-03666,19.9,online,0
TXN-2026-03667,216.51,pos,0
TXN-2026-03668,182.82,pos,1
TXN-2026-03669,75.9,online,1
TXN-2026-03670,135.16,online,1
TXN-2026-03671,309.62,pos,0
TXN-2026-03672,256.41,pos,1
TXN-2026-03673,22.84,pos,0
TXN-2026-03674,240.85,pos,1
TXN-2026-03675,83.29,atm,0
TXN-2026-03676,98.24,online,0
TXN-2026-03677,98.28,pos,1
TXN-2026-03678,75.17,online,1
TXN-2026-03679,376.17,pos,0
TXN-2026-03680,81.41,pos,1
TXN-2026-03681,23.49,atm,0
TXN-2026-03682,56.14,online,0
TXN-2026-03683,111.55,online,0
TXN-2026-03684,393.49,pos,0
TXN-2026-03685,185.62,online,0
TXN-2026-03686,32.44,pos,0
TXN-2026-03687,1776.19,online,0
TXN-2026-03688,123.68,atm,0
TXN-2026-03689,415.91,pos,0
TXN-2026-03690,75.03,online,0
TXN-2026-03691,170.72,pos,0
TXN-2026-03692,246.5,pos,0
TXN-2026-03693,388.32,online,0
TXN-2026-03694,320.17,pos,0
TXN-2026-03695,256.37,online,0
TXN-2026-03696,61.68,pos,0
TXN-2026-03697,45.33,atm,1
TXN-2026-03698,134.17,pos,0
TXN-2026-03699,275.82,pos,0
TXN-2026-03700,68.91,pos,0
TXN-2026-03701,323.18,atm,0
TXN-2026-03702,514.47,online,1
TXN-2026-03703,29.98,online,0
TXN-2026-03704,32.97,pos,0
TXN-2026-03705,76.06,pos,0
TXN-2026-03706,130.21,pos,0
TXN-2026-03707,47.97,online,0
TXN-2026-03708,456.07,pos,1
TXN-2026-03709,149.74,atm,1
TXN-2026-03710,94.38,online,0
TXN-2026-03711,16.07,pos,1
TXN-2026-03712,18.56,pos,0
TXN-2026-03713,126.12,online,1
TXN-2026-03714,6.96,pos,1
TXN-2026-03715,303.43,pos,0
TXN-2026-03716,74.46,pos,0
TXN-2026-03717,4410.36,online,0
TXN-2026-03718,1435.83,online,0
TXN-2026-03719,72.4,pos,0
TXN-2026-03720,79.23,pos,1
TXN-2026-03721,297.29,pos,1
TXN-2026-03722,694.93,online,1
TXN-2026-03723,12.61,pos,1
TXN-2026-03724,10.55,pos,1
TXN-2026-03725,42.67,atm,0
TXN-2026-03726,181.14,atm,0
TXN-2026-03727,163.41,atm,0
TXN-2026-03728,324.97,online,0
TXN-2026-03729,21.34,pos,0
TXN-2026-03730,5.59,pos,0
TXN-2026-03731,252.05,pos,1
TXN-2026-03732,33.32,pos,1
TXN-2026-03733,7.99,atm,0
TXN-2026-03734,107.13,online,1
TXN-2026-03735,233.18,online,0
TXN-2026-03736,77.75,pos,1
TXN-2026-03737,51.97,atm,0
TXN-2026-03738,74.35,online,0
TXN-2026-03739,57.7,pos,1
TXN-2026-03740,17.86,online,0
TXN-2026-03741,38.18,pos,0
TXN-2026-03742,168.26,pos,0
TXN-2026-03743,132.42,online,0
TXN-2026-03744,110.13,online,1
TXN-2026-03745,27.27,pos,0
TXN-2026-03746,72.4,pos,1
TXN-2026-03747,6.6,atm,0
TXN-2026-03748,111.52,online,0
TXN-2026-03749,500.01,online,0
TXN-2026-03750,15.35,pos,0
TXN-2026-03751,44.56,pos,0
TXN-2026-03752,133.61,pos,0
TXN-2026-03753,404.81,pos,0
TXN-2026-03754,52.57,pos,0
TXN-2026-03755,39.22,pos,0
TXN-2026-03756,8.48,online,0
TXN-2026-03757,101.91,pos,0
TXN-2026-03758,1043.66,online,0
TXN-2026-03759,125.57,pos,0
TXN-2026-03760,87.64,pos,0
TXN-2026-03761,132.49,pos,0
TXN-2026-03762,88.83,pos,0
TXN-2026-03763,33.93,pos,0
TXN-2026-03764,241.76,atm,0
TXN-2026-03765,118.03,online,1
TXN-2026-03766,91.94,pos,1
TXN-2026-03767,27.93,pos,0
TXN-2026-03768,430.18,online,0
TXN-2026-03769,199.87,online,0
TXN-2026-03770,46.36,pos,1
TXN-2026-03771,299.52,online,0
TXN-2026-03772,49.55,online,1
TXN-2026-03773,35.22,online,0
TXN-2026-03774,36.17,online,0
TXN-2026-03775,10.75,online,0
TXN-2026-03776,158.52,atm,0
TXN-2026-03777,10.0,pos,0
TXN-2026-03778,20.61,online,0
TXN-2026-03779,7.46,online,1
TXN-2026-03780,81.18,online,1
TXN-2026-03781,75.16,atm,0
TXN-2026-03782,60.82,pos,0
TXN-2026-03783,25.76,pos,0
TXN-2026-03784,22.05,pos,0
TXN-2026-03785,68684.26,pos,1
TXN-2026-03786,46.49,pos,0
TXN-2026-03787,131.58,online,0
TXN-2026-03788,31.12,pos,1
TXN-2026-03789,111.86,online,1
TXN-2026-03790,430.06,online,0
TXN-2026-03791,181.89,pos,0
TXN-2026-03792,54.88,pos,0
TXN-2026-03793,122.56,online,0
TXN-2026-03794,67.44,online,1
TXN-2026-03795,90.87,online,0
TXN-2026-03796,60.9,online,0
TXN-2026-03797,73.91,atm,0
TXN-2026-03798,116.11,online,1
TXN-2026-03799,27.33,atm,1
TXN-2026-03800,26.6,online,1
TXN-2026-03801,17.01,online,0
TXN-2026-03802,13.19,pos,1
TXN-2026-03803,20.89,atm,0
TXN-2026-03804,109.0,pos,0
TXN-2026-03805,30.84,online,0
TXN-2026-03806,166.72,pos,1
TXN-2026-03807,93.85,pos,1
TXN-2026-03808,8.48,pos,0
TXN-2026-03809,197.55,pos,0
TXN-2026-03810,238.16,pos,1
TXN-2026-03811,27.31,online,0
TXN-2026-03812,149.04,pos,1
TXN-2026-03813,32.21,pos,0
TXN-2026-03814,101.21,pos,0
TXN-2026-03815,19.74,online,0
TXN-2026-03816,10.47,pos,0
TXN-2026-03817,56.86,pos,0
TXN-2026-03818,77.6,pos,0
TXN-2026-03819,55.86,online,0
TXN-2026-03820,21.74,pos,0
TXN-2026-03821,55.71,pos,1
TXN-2026-03822,124.36,pos,0
TXN-2026-03823,85.3,atm,0
TXN-2026-03824,112.06,pos,1
TXN-2026-03825,40.28,online,0
TXN-2026-03826,367.26,pos,0
TXN-2026-03827,21.95,pos,0
TXN-2026-03828,161.59,pos,1
TXN-2026-03829,371.77,pos,1
TXN-2026-03830,160.31,pos,0
TXN-2026-03831,70.6,pos,1
TXN-2026-03832,47.75,pos,0
TXN-2026-03833,312.09,online,0
TXN-2026-03834,16.32,atm,1
TXN-2026-03835,28.1,pos,0
TXN-2026-03836,55.86,online,1
TXN-2026-03837,397.5,atm,0
TXN-2026-03838,141.98,online,0
TXN-2026-03839,28.17,pos,1
TXN-2026-03840,62.03,online,0
TXN-2026-03841,43.07,pos,1
TXN-2026-03842,38.41,pos,1
TXN-2026-03843,291.39,pos,1
TXN-2026-03844,17.36,pos,0
TXN-2026-03845,620.51,pos,0
TXN-2026-03846,243.2,pos,1
TXN-2026-03847,333.3,online,0
TXN-2026-03848,51.65,pos,0
TXN-2026-03849,75.19,pos,1
TXN-2026-03850,16.12,pos,0
TXN-2026-03851,47.96,pos,1
TXN-2026-03852,162.78,online,0
TXN-2026-03853,426.36,atm,0
TXN-2026-03854,23.84,pos,0
TXN-2026-03855,58.06,pos,0
TXN-2026-03856,75.07,online,1
TXN-2026-03857,16.86,pos,0
TXN-2026-03858,183.02,online,1
TXN-2026-03859,37.76,pos,0
TXN-2026-03860,71.2,pos,0
TXN-2026-03861,52.33,pos,0
TXN-2026-03862,34.91,pos,0
TXN-2026-03863,89.26,pos,0
TXN-2026-03864,69.5,online,0
TXN-2026-03865,57.61,online,0
TXN-2026-03866,37.56,online,0
TXN-2026-03867,132.08,online,0
TXN-2026-03868,654.81,pos,1
TXN-2026-03869,106.47,online,0
TXN-2026-03870,297.48,pos,0
TXN-2026-03871,16.97,online,0
TXN-2026-03872,108.78,pos,0
TXN-2026-03873,24.12,online,0
TXN-2026-03874,15.3,online,0
TXN-2026-03875,37.07,pos,1
TXN-2026-03876,376.26,pos,1
TXN-2026-03877,281.47,pos,0
TXN-2026-03878,120.49,pos,1
TXN-2026-03879,14.31,online,0
TXN-2026-03880,71.13,atm,0
TXN-2026-03881,129.29,pos,0
TXN-2026-03882,111.12,pos,0
TXN-2026-03883,9.85,online,0
TXN-2026-03884,30.93,pos,0
TXN-2026-03885,83.35,pos,1
TXN-2026-03886,171.32,atm,0
TXN-2026-03887,6.45,online,0
TXN-2026-03888,74.1,pos,0
TXN-2026-03889,106.87,pos,1
TXN-2026-03890,48280.62,online,0
TXN-2026-03891,206.73,online,0
TXN-2026-03892,181.11,online,0
TXN-2026-03893,34.47,pos,0
TXN-2026-03894,9.12,atm,0
TXN-2026-03895,56.17,online,0
TXN-2026-03896,299.45,online,0
TXN-2026-03897,479.21,online,0
TXN-2026-03898,211.17,pos,0
TXN-2026-03899,150.69,atm,0
TXN-2026-03900,141.96,pos,0
TXN-2026-03901,46.19,pos,0
TXN-2026-03902,77.01,online,0
TXN-2026-03903,667.06,online,1
TXN-2026-03904,29.05,online,0
TXN-2026-03905,117725.81,pos,0
TXN-2026-03906,61.16,pos,0
TXN-2026-03907,441.65,atm,1
TXN-2026-03908,16.64,pos,1
TXN-2026-03909,181.83,online,0
TXN-2026-03910,37.18,pos,0
TXN-2026-03911,16.47,online,0
TXN-2026-03912,117.01,pos,0
TXN-2026-03913,302.28,online,1
TXN-2026-03914,32.66,online,0
TXN-2026-03915,14.9,pos,0
TXN-2026-03916,80.62,online,0
TXN-2026-03917,81.05,online,0
TXN-2026-03918,173.81,online,1
TXN-2026-03919,281.33,atm,0
TXN-2026-03920,83.82,pos,1
TXN-2026-03921,834.31,pos,0
TXN-2026-03922,117.81,pos,0
TXN-2026-03923,59.4,pos,0
TXN-2026-03924,13.02,pos,0
TXN-2026-03925,65.68,online,0
TXN-2026-03926,60.12,pos,0
TXN-2026-03927,284.96,pos,0
TXN-2026-03928,156.8,pos,0
TXN-2026-03929,21.86,online,0
TXN-2026-03930,110.69,online,0
TXN-2026-03931,201.51,pos,0
TXN-2026-03932,563.2,online,1
TXN-2026-03933,261.13,pos,0
TXN-2026-03934,224.31,atm,0
TXN-2026-03935,96.75,online,0
TXN-2026-03936,143.45,pos,0
TXN-2026-03937,403.19,online,0
TXN-2026-03938,18.19,online,1
TXN-2026-03939,59.19,pos,0
TXN-2026-03940,35.62,online,0
TXN-2026-03941,141.88,pos,0
TXN-2026-03942,393.97,pos,0
TXN-2026-03943,43.98,pos,0
TXN-2026-03944,5.11,pos,1
TXN-2026-03945,54.89,pos,0
TXN-2026-03946,269.39,atm,1
TXN-2026-03947,171.6,pos,0
TXN-2026-03948,150.48,pos,0
TXN-2026-03949,64.33,pos,0
TXN-2026-03950,19.4,online,0
TXN-2026-03951,167.06,atm,1
TXN-2026-03952,33.08,online,0
TXN-2026-03953,1237.58,atm,1
TXN-2026-03954,178.5,online,0
TXN-2026-03955,44.85,atm,0
TXN-2026-03956,43.22,online,1
TXN-2026-03957,80.52,pos,0
TXN-2026-03958,67.53,pos,1
TXN-2026-03959,343.85,online,0
TXN-2026-03960,112.58,pos,1
TXN-2026-03961,37.41,pos,0
TXN-2026-03962,870.03,online,0
TXN-2026-03963,95.5,atm,0
TXN-2026-03964,226.47,pos,0
TXN-2026-03965,43.39,online,0
TXN-2026-03966,139.18,online,0
TXN-2026-03967,130.76,atm,0
TXN-2026-03968,9.32,atm,0
TXN-2026-03969,1010.63,online,0
TXN-2026-03970,423.59,pos,0
TXN-2026-03971,55.89,pos,0
TXN-2026-03972,23.98,pos,0
TXN-2026-03973,136.6,online,0
TXN-2026-03974,99.89,online,0
TXN-2026-03975,137.94,online,0
TXN-2026-03976,113.28,pos,1
TXN-2026-03977,165.25,online,0
TXN-2026-03978,511.2,pos,0
TXN-2026-03979,177.99,pos,0
TXN-2026-03980,25.54,pos,0
TXN-2026-03981,461.77,pos,1
TXN-2026-03982,644.67,online,1
TXN-2026-03983,3953.94,pos,0
TXN-2026-03984,23.38,pos,0
TXN-2026-03985,120.48,atm,0
TXN-2026-03986,7.4,pos,0
TXN-2026-03987,174.82,pos,1
TXN-2026-03988,46.63,pos,0
TXN-2026-03989,905.18,pos,0
TXN-2026-03990,35.53,pos,0
TXN-2026-03991,11.86,pos,0
TXN-2026-03992,51.14,online,0
TXN-2026-03993,8.41,pos,1
TXN-2026-03994,221.7,pos,0
TXN-2026-03995,7.55,online,1
TXN-2026-03996,93.14,pos,0
TXN-2026-03997,7.44,atm,0
TXN-2026-03998,61.29,pos,0
TXN-2026-03999,646.81,pos,0
TXN-2026-04000,138.76,online,1
TXN-2026-04001,31.94,pos,0
TXN-2026-04002,86.71,pos,0
TXN-2026-04003,91.98,online,0
TXN-2026-04004,158.72,pos,0
TXN-2026-04005,17.46,online,0
TXN-2026-04006,183.29,atm,0
TXN-2026-04007,3.51,pos,0
TXN-2026-04008,42.27,online,0
TXN-2026-04009,50.1,pos,0
TXN-2026-04010,192.48,atm,0
TXN-2026-04011,92.5,online,0
TXN-2026-04012,16.67,atm,0
TXN-2026-04013,27.61,pos,0
TXN-2026-04014,114.25,online,0
TXN-2026-04015,81.87,pos,0
TXN-2026-04016,44.93,pos,0
TXN-2026-04017,50.55,atm,0
TXN-2026-04018,207.56,pos,0
TXN-2026-04019,48.36,atm,0
TXN-2026-04020,80.99,pos,0
TXN-2026-04021,1216.73,online,0
TXN-2026-04022,16.31,pos,1
TXN-2026-04023,9.76,pos,0
TXN-2026-04024,230.51,pos,1
TXN-2026-04025,39.87,online,0
TXN-2026-04026,61.44,pos,0
TXN-2026-04027,35.26,online,0
TXN-2026-04028,65.91,pos,0
TXN-2026-04029,612.93,pos,0
TXN-2026-04030,235.7,pos,0
TXN-2026-04031,253.32,pos,1
TXN-2026-04032,16.45,online,0
TXN-2026-04033,22.62,online,1
TXN-2026-04034,2.98,pos,0
TXN-2026-04035,34.08,online,0
TXN-2026-04036,283.74,online,0
TXN-2026-04037,167.39,pos,0
TXN-2026-04038,69.01,pos,0
TXN-2026-04039,87.64,pos,1
TXN-2026-04040,39.38,pos,0
TXN-2026-04041,115.09,pos,0
TXN-2026-04042,225.67,pos,0
TXN-2026-04043,12.95,online,0
TXN-2026-04044,128.97,pos,0
TXN-2026-04045,275.59,pos,0
TXN-2026-04046,54.7,pos,0
TXN-2026-04047,208.69,pos,0
TXN-2026-04048,2637.5,pos,0
TXN-2026-04049,79.42,atm,0
TXN-2026-04050,144.31,pos,0
TXN-2026-04051,37.13,online,0
TXN-2026-04052,111.89,pos,0
TXN-2026-04053,156.39,online,1
TXN-2026-04054,113.73,online,1
TXN-2026-04055,26.48,pos,0
TXN-2026-04056,115.31,online,1
TXN-2026-04057,520.42,pos,0
TXN-2026-04058,154.22,online,0
TXN-2026-04059,285.54,pos,0
TXN-2026-04060,64000.16,atm,1
TXN-2026-04061,221.38,online,0
TXN-2026-04062,125.85,atm,1
TXN-2026-04063,28.76,pos,1
TXN-2026-04064,131.92,pos,0
TXN-2026-04065,27.38,online,0
TXN-2026-04066,42.12,online,0
TXN-2026-04067,112.98,atm,0
TXN-2026-04068,128.6,pos,0
TXN-2026-04069,21.6,online,0
TXN-2026-04070,318.87,pos,0
TXN-2026-04071,178.82,pos,0
TXN-2026-04072,94778.97,pos,0
TXN-2026-04073,14.22,pos,0
TXN-2026-04074,75.65,atm,0
TXN-2026-04075,52.71,pos,0
TXN-2026-04076,103.11,online,0
TXN-2026-04077,58.22,online,1
TXN-2026-04078,8.09,pos,0
TXN-2026-04079,56.49,pos,0
TXN-2026-04080,62.38,online,1
TXN-2026-04081,192.56,pos,0
TXN-2026-04082,38.95,online,0
TXN-2026-04083,674.8,atm,0
TXN-2026-04084,9.08,pos,1
TXN-2026-04085,434.15,pos,1
TXN-2026-04086,68.77,pos,0
TXN-2026-04087,252.52,online,0
TXN-2026-04088,99.06,pos,1
TXN-2026-04089,353.35,pos,1
TXN-2026-04090,56.55,pos,0
TXN-2026-04091,24.09,atm,0
TXN-2026-04092,495.02,pos,1
TXN-2026-04093,78.56,pos,0
TXN-2026-04094,117.43,atm,0
TXN-2026-04095,396.11,online,0
TXN-2026-04096,26.09,online,0
TXN-2026-04097,183.94,online,0
TXN-2026-04098,44.35,atm,0
TXN-2026-04099,76.81,online,0
TXN-2026-04100,98.17,online,0
TXN-2026-04101,14.88,online,1
TXN-2026-04102,35.35,online,0
TXN-2026-04103,455.45,pos,0
TXN-2026-04104,260.72,pos,0
TXN-2026-04105,83.5,online,0
TXN-2026-04106,65599.86,pos,0
TXN-2026-04107,63.24,online,0
TXN-2026-04108,458.47,pos,0
TXN-2026-04109,70.78,online,1
TXN-2026-04110,118.89,pos,0
TXN-2026-04111,356.11,online,0
TXN-2026-04112,35.42,online,0
TXN-2026-04113,584.38,pos,0
TXN-2026-04114,14.35,pos,0
TXN-2026-04115,636.24,pos,0
TXN-2026-04116,57.56,pos,0
TXN-2026-04117,67.27,pos,0
TXN-2026-04118,9.32,pos,0
TXN-2026-04119,52.16,atm,0
TXN-2026-04120,25.85,pos,1
TXN-2026-04121,43.42,online,0
TXN-2026-04122,76.34,pos,0
TXN-2026-04123,284.11,online,0
TXN-2026-04124,115.48,pos,1
TXN-2026-04125,130.22,online,1
TXN-2026-04126,24.18,online,0
TXN-2026-04127,31.28,online,1
TXN-2026-04128,779.36,pos,0
TXN-2026-04129,37.25,online,1
TXN-2026-04130,656.85,pos,0
TXN-2026-04131,67.24,pos,0
TXN-2026-04132,90.26,pos,0
TXN-2026-04133,325.2,pos,0
TXN-2026-04134,414.17,pos,0
TXN-2026-04135,78.81,online,0
TXN-2026-04136,56.49,pos,0
TXN-2026-04137,84.17,pos,0
TXN-2026-04138,135.04,pos,0
TXN-2026-04139,262.32,online,1
TXN-2026-04140,90.48,online,1
TXN-2026-04141,189.17,pos,1
TXN-2026-04142,642.93,online,0
TXN-2026-04143,142.25,pos,0
TXN-2026-04144,130.84,pos,0
TXN-2026-04145,14.55,pos,0
TXN-2026-04146,3.83,online,0
TXN-2026-04147,143.46,online,0
TXN-2026-04148,80.34,pos,1
TXN-2026-04149,48.53,pos,0
TXN-2026-04150,120.57,pos,1
TXN-2026-04151,83.72,online,0
TXN-2026-04152,348.39,online,0
TXN-2026-04153,99.82,pos,0
TXN-2026-04154,36.73,pos,0
TXN-2026-04155,295.36,online,1
TXN-2026-04156,69.37,online,0
TXN-2026-04157,169.33,online,0
TXN-2026-04158,50.76,online,0
TXN-2026-04159,41.27,online,0
TXN-2026-04160,99.58,pos,0
TXN-2026-04161,91.41,pos,0
TXN-2026-04162,160.1,pos,0
TXN-2026-04163,65.21,online,0
TXN-2026-04164,9.94,pos,0
TXN-2026-04165,53.55,pos,1
TXN-2026-04166,233.36,pos,1
TXN-2026-04167,63.0,pos,0
TXN-2026-04168,66.98,online,0
TXN-2026-04169,294.02,pos,0
TXN-2026-04170,38.31,pos,1
TXN-2026-04171,14.13,online,0
TXN-2026-04172,74.24,pos,1
TXN-2026-04173,50.35,online,0
TXN-2026-04174,28.23,online,0
TXN-2026-04175,72.93,atm,0
TXN-2026-04176,162.36,online,0
TXN-2026-04177,132207.0,pos,0
TXN-2026-04178,130.11,online,0
TXN-2026-04179,793.21,pos,0
TXN-2026-04180,59.65,pos,0
TXN-2026-04181,125.72,pos,1
TXN-2026-04182,48.86,pos,0
TXN-2026-04183,32.6,online,1
TXN-2026-04184,44.62,pos,1
TXN-2026-04185,50.68,online,1
TXN-2026-04186,138.57,pos,0
TXN-2026-04187,1508.53,pos,1
TXN-2026-04188,38.12,atm,0
TXN-2026-04189,54.6,pos,0
TXN-2026-04190,83.45,online,0
TXN-2026-04191,144.74,pos,0
TXN-2026-04192,123.5,pos,1
TXN-2026-04193,420.28,pos,0
TXN-2026-04194,4.9,online,0
TXN-2026-04195,5.13,pos,0
TXN-2026-04196,49.65,pos,1
TXN-2026-04197,335.88,pos,0
TXN-2026-04198,13.75,online,0
TXN-2026-04199,2.44,online,0
TXN-2026-04200,178.65,online,0
TXN-2026-04201,120.59,pos,0
TXN-2026-04202,24.33,online,0
TXN-2026-04203,27.59,online,1
TXN-2026-04204,28.12,online,0
TXN-2026-04205,102.79,online,0
TXN-2026-04206,42.45,online,0
TXN-2026-04207,162.86,pos,1
TXN-2026-04208,2.93,online,1
TXN-2026-04209,32.19,atm,0
TXN-2026-04210,23.31,pos,1
TXN-2026-04211,66.18,pos,0
TXN-2026-04212,47.2,atm,0
TXN-2026-04213,234.49,pos,0
TXN-2026-04214,9.67,online,0
TXN-2026-04215,95.07,pos,0
TXN-2026-04216,175.92,pos,0
TXN-2026-04217,835.46,pos,1
TXN-2026-04218,50.5,pos,0
TXN-2026-04219,132.87,pos,0
TXN-2026-04220,10.33,pos,0
TXN-2026-04221,5.1,online,0
TXN-2026-04222,248.07,atm,1
TXN-2026-04223,89.42,pos,0
TXN-2026-04224,370.26,pos,1
TXN-2026-04225,17.32,pos,0
TXN-2026-04226,167.99,pos,0
TXN-2026-04227,847.75,pos,0
TXN-2026-04228,148.96,pos,0
TXN-2026-04229,125.45,pos,0
TXN-2026-04230,90.95,pos,0
TXN-2026-04231,13.67,pos,0
TXN-2026-04232,457.92,online,0
TXN-2026-04233,43.25,pos,0
TXN-2026-04234,164.91,online,0
TXN-2026-04235,13.8,atm,0
TXN-2026-04236,21.86,atm,0
TXN-2026-04237,503.76,atm,0
TXN-2026-04238,59.34,pos,0
TXN-2026-04239,514.88,pos,1
TXN-2026-04240,81.95,pos,1
TXN-2026-04241,9.87,online,0
TXN-2026-04242,262.56,online,0
TXN-2026-04243,44.35,online,0
TXN-2026-04244,208.18,pos,0
TXN-2026-04245,92.78,online,1
TXN-2026-04246,14.13,pos,1
TXN-2026-04247,109.63,pos,1
TXN-2026-04248,1255.72,online,0
TXN-2026-04249,162.65,pos,1
TXN-2026-04250,89053.57,atm,0
TXN-2026-04251,327.15,pos,1
TXN-2026-04252,115.91,online,0
TXN-2026-04253,115.75,pos,0
TXN-2026-04254,24.29,online,0
TXN-2026-04255,119.18,online,0
TXN-2026-04256,311.85,atm,0
TXN-2026-04257,33.01,pos,1
TXN-2026-04258,497.4,atm,0
TXN-2026-04259,80.64,pos,0
TXN-2026-04260,31.02,pos,0
TXN-2026-04261,298.02,pos,0
TXN-2026-04262,63.81,online,1
TXN-2026-04263,223.95,pos,0
TXN-2026-04264,63.43,online,0
TXN-2026-04265,83.78,online,1
TXN-2026-04266,162.76,pos,1
TXN-2026-04267,127.62,atm,0
TXN-2026-04268,8.21,pos,0
TXN-2026-04269,23.44,online,0
TXN-2026-04270,274.59,pos,0
TXN-2026-04271,76.82,pos,0
TXN-2026-04272,48.02,pos,1
TXN-2026-04273,17.63,pos,0
TXN-2026-04274,24.64,pos,0
TXN-2026-04275,7.96,pos,0
TXN-2026-04276,79.72,pos,0
TXN-2026-04277,43.9,pos,1
TXN-2026-04278,28.22,pos,0
TXN-2026-04279,41985.77,online,0
TXN-2026-04280,139.32,online,0
TXN-2026-04281,1109.69,online,0
TXN-2026-04282,14.67,online,1
TXN-2026-04283,361.86,online,0
TXN-2026-04284,289.37,online,0
TXN-2026-04285,35.34,pos,0
TXN-2026-04286,114.88,online,0
TXN-2026-04287,51.98,pos,0
TXN-2026-04288,112.49,online,0
TXN-2026-04289,550.57,online,1
TXN-2026-04290,186.18,pos,0
TXN-2026-04291,165.73,online,0
TXN-2026-04292,53.71,pos,1
TXN-2026-04293,15.17,pos,1
TXN-2026-04294,70.09,pos,1
TXN-2026-04295,382.96,online,1
TXN-2026-04296,14.4,online,0
TXN-2026-04297,25.38,online,0
TXN-2026-04298,104.74,pos,0
TXN-2026-04299,27.62,pos,0
TXN-2026-04300,34.78,online,1
TXN-2026-04301,54.15,pos,0
TXN-2026-04302,17.48,online,0
TXN-2026-04303,27.97,pos,1
TXN-2026-04304,209.37,pos,0
TXN-2026-04305,18.75,pos,0
TXN-2026-04306,13.23,online,0
TXN-2026-04307,42.27,pos,0
TXN-2026-04308,216.66,pos,0
TXN-2026-04309,71.07,pos,1
TXN-2026-04310,51.55,pos,0
TXN-2026-04311,94.94,pos,1
TXN-2026-04312,11.08,pos,0
TXN-2026-04313,162.98,online,0
TXN-2026-04314,142.61,pos,0
TXN-2026-04315,55.08,online,0
TXN-2026-04316,301.0,online,1
TXN-2026-04317,23.27,pos,0
TXN-2026-04318,348.45,pos,1
TXN-2026-04319,108.35,online,1
TXN-2026-04320,60.11,pos,1
TXN-2026-04321,87.9,pos,0
TXN-2026-04322,79.15,pos,1
TXN-2026-04323,389.3,online,0
TXN-2026-04324,24.73,online,0
TXN-2026-04325,36.05,atm,0
TXN-2026-04326,312.17,online,1
TXN-2026-04327,44.05,pos,0
TXN-2026-04328,265.24,pos,0
TXN-2026-04329,691.82,pos,0
TXN-2026-04330,55.58,pos,0
TXN-2026-04331,203.9,pos,0
TXN-2026-04332,22.55,pos,1
TXN-2026-04333,222.67,pos,0
TXN-2026-04334,114.36,pos,1
TXN-2026-04335,158.8,pos,0
TXN-2026-04336,41.48,atm,1
TXN-2026-04337,12.26,online,0
TXN-2026-04338,164.66,atm,0
TXN-2026-04339,7.57,pos,0
TXN-2026-04340,61.51,pos,0
TXN-2026-04341,278.5,pos,1
TXN-2026-04342,113.33,pos,0
TXN-2026-04343,932.63,pos,1
TXN-2026-04344,308.01,atm,1
TXN-2026-04345,41.07,atm,0
TXN-2026-04346,93.02,pos,0
TXN-2026-04347,85.04,pos,0
TXN-2026-04348,13.48,pos,0
TXN-2026-04349,29.12,pos,0
TXN-2026-04350,45.93,pos,1
TXN-2026-04351,7.82,pos,0
TXN-2026-04352,95.3,pos,0
TXN-2026-04353,66.76,pos,0
TXN-2026-04354,12.09,pos,0
TXN-2026-04355,146.21,pos,1
TXN-2026-04356,212.52,pos,1
TXN-2026-04357,118.21,atm,0
TXN-2026-04358,61.01,pos,1
TXN-2026-04359,183.04,online,0
TXN-2026-04360,203.62,online,0
TXN-2026-04361,130.18,atm,0
TXN-2026-04362,33.46,online,1
TXN-2026-04363,125.45,online,0
TXN-2026-04364,377.88,online,0
TXN-2026-04365,43.99,pos,0
TXN-2026-04366,1116.02,pos,0
TXN-2026-04367,47.91,atm,1
TXN-2026-04368,93.59,online,0
TXN-2026-04369,40.17,atm,0
TXN-2026-04370,117.67,online,0
TXN-2026-04371,11.13,online,0
TXN-2026-04372,46.75,online,0
TXN-2026-04373,24.28,online,0
TXN-2026-04374,105.89,pos,0
TXN-2026-04375,296.88,atm,0
TXN-2026-04376,195.43,online,0
TXN-2026-04377,5.23,online,0
TXN-2026-04378,1043.65,online,0
TXN-2026-04379,128.3,pos,0
TXN-2026-04380,35.45,pos,0
TXN-2026-04381,108.7,atm,0
TXN-2026-04382,111.21,online,0
TXN-2026-04383,40.44,pos,1
TXN-2026-04384,114.15,pos,0
TXN-2026-04385,43.42,online,1
TXN-2026-04386,55.41,online,1
TXN-2026-04387,39.51,online,0
TXN-2026-04388,16.13,online,0
TXN-2026-04389,107.23,pos,0
TXN-2026-04390,181.7,pos,0
TXN-2026-04391,166.98,pos,1
TXN-2026-04392,240.79,online,1
TXN-2026-04393,132.85,pos,0
TXN-2026-04394,47.5,online,0
TXN-2026-04395,246.56,pos,1
TXN-2026-04396,17.65,pos,0
TXN-2026-04397,30.54,atm,1
TXN-2026-04398,28.3,pos,0
TXN-2026-04399,329.0,online,0
TXN-2026-04400,279.04,pos,0
TXN-2026-04401,161.54,pos,0
TXN-2026-04402,325.81,pos,0
TXN-2026-04403,31.34,pos,0
TXN-2026-04404,136.77,online,0
TXN-2026-04405,77.46,pos,0
TXN-2026-04406,248.7,pos,0
TXN-2026-04407,78.39,pos,0
TXN-2026-04408,56.72,online,0
TXN-2026-04409,172.27,online,0
TXN-2026-04410,257.6,pos,0
TXN-2026-04411,40.37,online,0
TXN-2026-04412,83.66,online,0
TXN-2026-04413,25.28,online,0
TXN-2026-04414,4.49,pos,0
TXN-2026-04415,114.5,online,0
TXN-2026-04416,186.92,online,0
TXN-2026-04417,123.28,online,0
TXN-2026-04418,8.68,online,1
TXN-2026-04419,59.09,atm,0
TXN-2026-04420,6.28,pos,0
TXN-2026-04421,465.75,atm,1
TXN-2026-04422,24.45,pos,0
TXN-2026-04423,406.05,online,1
TXN-2026-04424,280.07,pos,0
TXN-2026-04425,30.55,pos,0
TXN-2026-04426,23.12,online,0
TXN-2026-04427,137.06,online,0
TXN-2026-04428,32.68,pos,0
TXN-2026-04429,101.8,pos,0
TXN-2026-04430,50.43,pos,0
TXN-2026-04431,10.62,atm,1
TXN-2026-04432,6.19,online,0
TXN-2026-04433,118.16,pos,0
TXN-2026-04434,45.88,online,0
TXN-2026-04435,46.35,atm,0
TXN-2026-04436,207.48,pos,0
TXN-2026-04437,368.02,online,0
TXN-2026-04438,64.91,pos,0
TXN-2026-04439,59.82,online,0
TXN-2026-04440,164.05,pos,1
TXN-2026-04441,17.67,pos,0
TXN-2026-04442,117.66,pos,0
TXN-2026-04443,174.56,pos,0
TXN-2026-04444,203.62,online,0
TXN-2026-04445,8.81,pos,0
TXN-2026-04446,36.1,pos,0
TXN-2026-04447,31.38,online,1
TXN-2026-04448,101.48,pos,0
TXN-2026-04449,108363.17,pos,0
TXN-2026-04450,542.43,atm,0
TXN-2026-04451,49.7,online,0
TXN-2026-04452,49.55,pos,0
TXN-2026-04453,357.67,pos,0
TXN-2026-04454,128.5,atm,0
TXN-2026-04455,412.07,pos,0
TXN-2026-04456,127.29,pos,0
TXN-2026-04457,22.45,pos,0
TXN-2026-04458,18.18,pos,0
TXN-2026-04459,13.99,online,0
TXN-2026-04460,199.23,online,0
TXN-2026-04461,374.77,atm,0
TXN-2026-04462,828.18,online,0
TXN-2026-04463,247.58,pos,0
TXN-2026-04464,363.36,pos,0
TXN-2026-04465,44.88,atm,1
TXN-2026-04466,22.47,pos,0
TXN-2026-04467,249.66,pos,1
TXN-2026-04468,148.59,atm,0
TXN-2026-04469,102.4,online,0
TXN-2026-04470,143.29,pos,0
TXN-2026-04471,132.66,online,0
TXN-2026-04472,420.14,atm,1
TXN-2026-04473,425.81,pos,0
TXN-2026-04474,172.96,online,0
TXN-2026-04475,248.38,pos,0
TXN-2026-04476,166.81,pos,0
TXN-2026-04477,51.76,atm,0
TXN-2026-04478,223.16,atm,0
TXN-2026-04479,16.89,pos,0
TXN-2026-04480,318.83,pos,1
TXN-2026-04481,21.47,pos,0
TXN-2026-04482,126.84,online,0
TXN-2026-04483,32.65,pos,0
TXN-2026-04484,174.87,pos,1
TXN-2026-04485,86.43,pos,0
TXN-2026-04486,13.28,pos,0
TXN-2026-04487,149.13,pos,1
TXN-2026-04488,44.99,online,0
TXN-2026-04489,259.14,pos,0
TXN-2026-04490,90.16,pos,0
TXN-2026-04491,144.68,online,1
TXN-2026-04492,28.53,online,1
TXN-2026-04493,44.38,pos,1
TXN-2026-04494,51.92,pos,0
TXN-2026-04495,251.65,online,0
TXN-2026-04496,673.75,pos,0
TXN-2026-04497,34.25,online,1
TXN-2026-04498,327.74,pos,1
TXN-2026-04499,6.66,pos,0
TXN-2026-04500,21.48,pos,0
TXN-2026-04501,28.49,online,0
TXN-2026-04502,144623.97,atm,0
TXN-2026-04503,13.46,pos,0
TXN-2026-04504,147.76,pos,0
TXN-2026-04505,69.62,pos,0
TXN-2026-04506,141.92,pos,0
TXN-2026-04507,206.14,online,1
TXN-2026-04508,123.81,pos,1
TXN-2026-04509,198.21,atm,1
TXN-2026-04510,82.81,online,0
TXN-2026-04511,21.66,atm,0
TXN-2026-04512,320.34,online,0
TXN-2026-04513,44.39,pos,1
TXN-2026-04514,29.29,pos,0
TXN-2026-04515,72.71,pos,0
TXN-2026-04516,30.1,pos,0
TXN-2026-04517,54.55,pos,1
TXN-2026-04518,136.03,pos,0
TXN-2026-04519,136.73,atm,0
TXN-2026-04520,30.65,pos,0
TXN-2026-04521,50.14,online,1
TXN-2026-04522,326.75,atm,0
TXN-2026-04523,163.31,online,0
TXN-2026-04524,1085.81,pos,0
TXN-2026-04525,370.98,pos,0
TXN-2026-04526,355.37,pos,0
TXN-2026-04527,17.02,pos,0
TXN-2026-04528,225.12,pos,0
TXN-2026-04529,84.46,online,1
TXN-2026-04530,46.47,pos,0
TXN-2026-04531,110.13,pos,1
TXN-2026-04532,279.85,atm,0
TXN-2026-04533,164.19,pos,0
TXN-2026-04534,31.37,pos,1
TXN-2026-04535,219.41,online,0
TXN-2026-04536,41.88,pos,0
TXN-2026-04537,116.75,online,0
TXN-2026-04538,62.55,pos,0
TXN-2026-04539,69.22,online,0
TXN-2026-04540,225.76,pos,0
TXN-2026-04541,25.84,pos,1
TXN-2026-04542,929.12,online,0
TXN-2026-04543,10.12,pos,0
TXN-2026-04544,43.94,pos,0
TXN-2026-04545,140.37,pos,1
TXN-2026-04546,181.49,pos,0
TXN-2026-04547,79.79,pos,0
TXN-2026-04548,84.03,online,0
TXN-2026-04549,147.33,online,1
TXN-2026-04550,68.22,online,0
TXN-2026-04551,479.06,pos,0
TXN-2026-04552,246.46,pos,0
TXN-2026-04553,256.57,online,1
TXN-2026-04554,28.24,online,0
TXN-2026-04555,81.84,pos,1
TXN-2026-04556,62.77,pos,0
TXN-2026-04557,26.93,pos,0
TXN-2026-04558,138.68,pos,0
TXN-2026-04559,47.22,online,0
TXN-2026-04560,197.65,pos,0
TXN-2026-04561,24.92,online,0
TXN-2026-04562,708.29,pos,0
TXN-2026-04563,30.7,pos,0
TXN-2026-04564,117.12,online,0
TXN-2026-04565,232.81,pos,0
TXN-2026-04566,45.39,pos,1
TXN-2026-04567,250.38,atm,0
TXN-2026-04568,20.59,online,0
TXN-2026-04569,514.16,online,0
TXN-2026-04570,91.56,pos,0
TXN-2026-04571,44.01,pos,0
TXN-2026-04572,62.86,atm,1
TXN-2026-04573,237.63,pos,1
TXN-2026-04574,44.64,online,0
TXN-2026-04575,36.63,pos,0
TXN-2026-04576,69.0,pos,0
TXN-2026-04577,21.93,atm,0
TXN-2026-04578,800.03,pos,0
TXN-2026-04579,45.62,pos,0
TXN-2026-04580,244.19,pos,0
TXN-2026-04581,115.74,pos,0
TXN-2026-04582,27.62,pos,0
TXN-2026-04583,89.38,pos,0
TXN-2026-04584,230.63,pos,0
TXN-2026-04585,71.81,online,0
TXN-2026-04586,376.81,pos,0
TXN-2026-04587,306.68,atm,1
TXN-2026-04588,271.16,pos,1
TXN-2026-04589,51.85,online,0
TXN-2026-04590,24.64,pos,0
TXN-2026-04591,43.11,online,0
TXN-2026-04592,113.92,atm,0
TXN-2026-04593,173.29,online,0
TXN-2026-04594,6.65,online,0
TXN-2026-04595,89.14,pos,0
TXN-2026-04596,108.82,online,0
TXN-2026-04597,64.52,atm,1
TXN-2026-04598,423.91,atm,0
TXN-2026-04599,149.33,pos,0
TXN-2026-04600,433.65,atm,0
TXN-2026-04601,69.47,pos,0
TXN-2026-04602,277.26,pos,0
TXN-2026-04603,640.39,pos,0
TXN-2026-04604,434.43,pos,0
TXN-2026-04605,24.27,online,1
TXN-2026-04606,66.39,online,0
TXN-2026-04607,59.49,online,1
TXN-2026-04608,161.92,online,0
TXN-2026-04609,205.13,pos,0
TXN-2026-04610,32.9,online,0
TXN-2026-04611,97.65,pos,0
TXN-2026-04612,7.97,online,0
TXN-2026-04613,507.93,online,0
TXN-2026-04614,48.67,online,0
TXN-2026-04615,96.26,pos,0
TXN-2026-04616,62.08,online,0
TXN-2026-04617,356.11,pos,0
TXN-2026-04618,2.99,pos,0
TXN-2026-04619,88.24,online,1
TXN-2026-04620,79.28,pos,1
TXN-2026-04621,52.23,online,0
TXN-2026-04622,714.42,pos,0
TXN-2026-04623,31.04,pos,0
TXN-2026-04624,227.27,online,1
TXN-2026-04625,138.03,pos,0
TXN-2026-04626,409.04,pos,0
TXN-2026-04627,40.42,pos,0
TXN-2026-04628,37.35,pos,0
TXN-2026-04629,335.39,online,0
TXN-2026-04630,149.96,pos,0
TXN-2026-04631,14.1,online,0
TXN-2026-04632,47.13,online,0
TXN-2026-04633,143.12,pos,1
TXN-2026-04634,246.0,online,0
TXN-2026-04635,39.84,online,0
TXN-2026-04636,2.73,pos,0
TXN-2026-04637,168.66,pos,0
TXN-2026-04638,20.81,pos,0
TXN-2026-04639,8.0,online,0
TXN-2026-04640,3.01,online,0
TXN-2026-04641,239.07,pos,0
TXN-2026-04642,105.04,online,1
TXN-2026-04643,68.66,online,0
TXN-2026-04644,476.67,online,0
TXN-2026-04645,193.41,online,0
TXN-2026-04646,626.13,pos,1
TXN-2026-04647,16.92,online,0
TXN-2026-04648,86.36,online,1
TXN-2026-04649,12.94,online,0
TXN-2026-04650,68.36,pos,0
TXN-2026-04651,66.8,pos,0
TXN-2026-04652,190.94,pos,0
TXN-2026-04653,95.08,pos,0
TXN-2026-04654,190.2,online,0
TXN-2026-04655,209.38,pos,0
TXN-2026-04656,1195.02,online,0
TXN-2026-04657,61.66,online,0
TXN-2026-04658,29.1,online,1
TXN-2026-04659,120.94,pos,1
TXN-2026-04660,34.37,atm,0
TXN-2026-04661,532.91,online,1
TXN-2026-04662,64.08,online,0
TXN-2026-04663,45.66,pos,0
TXN-2026-04664,51.13,pos,0
TXN-2026-04665,213.17,pos,0
TXN-2026-04666,74.49,pos,0
TXN-2026-04667,41.68,pos,0
TXN-2026-04668,143338.49,online,0
TXN-2026-04669,32.22,online,0
TXN-2026-04670,93.94,pos,1
TXN-2026-04671,196.91,pos,1
TXN-2026-04672,12.71,online,0
TXN-2026-04673,160.18,pos,0
TXN-2026-04674,25.38,online,0
TXN-2026-04675,241.61,pos,0
TXN-2026-04676,28.36,pos,0
TXN-2026-04677,206.71,pos,0
TXN-2026-04678,339.34,online,0
TXN-2026-04679,253.08,pos,0
TXN-2026-04680,121.7,online,1
TXN-2026-04681,68.2,pos,1
TXN-2026-04682,45.07,pos,0
TXN-2026-04683,525.97,online,0
TXN-2026-04684,38.88,pos,1
TXN-2026-04685,25.93,online,0
TXN-2026-04686,200.03,pos,0
TXN-2026-04687,83888.79,pos,0
TXN-2026-04688,28.79,online,0
TXN-2026-04689,15.92,atm,1
TXN-2026-04690,50.43,pos,0
TXN-2026-04691,81.51,online,0
TXN-2026-04692,120.51,pos,0
TXN-2026-04693,281.9,online,0
TXN-2026-04694,169.4,online,0
TXN-2026-04695,71.59,pos,0
TXN-2026-04696,70.96,pos,0
TXN-2026-04697,166.03,pos,0
TXN-2026-04698,414.5,pos,0
TXN-2026-04699,104.75,pos,0
TXN-2026-04700,51.27,online,0
TXN-2026-04701,27.35,atm,0
TXN-2026-04702,15.89,pos,0
TXN-2026-04703,200.24,pos,0
TXN-2026-04704,180.11,online,0
TXN-2026-04705,179.98,atm,1
TXN-2026-04706,77.14,pos,0
TXN-2026-04707,487.03,pos,0
TXN-2026-04708,50.35,pos,0
TXN-2026-04709,283.25,pos,0
TXN-2026-04710,85.93,pos,0
TXN-2026-04711,43.38,pos,0
TXN-2026-04712,183.28,pos,0
TXN-2026-04713,147.17,online,0
TXN-2026-04714,138.15,pos,0
TXN-2026-04715,99.24,pos,0
TXN-2026-04716,86.02,pos,0
TXN-2026-04717,1581.37,atm,0
TXN-2026-04718,372.82,online,1
TXN-2026-04719,214.3,pos,1
TXN-2026-04720,102.94,pos,0
TXN-2026-04721,301.45,online,0
TXN-2026-04722,167.6,pos,0
TXN-2026-04723,92.89,pos,0
TXN-2026-04724,62.53,pos,0
TXN-2026-04725,81.69,atm,0
TXN-2026-04726,2.0,online,0
TXN-2026-04727,115.9,online,0
TXN-2026-04728,50.09,pos,0
TXN-2026-04729,608.63,atm,0
TXN-2026-04730,92.13,atm,0
TXN-2026-04731,21.61,atm,0
TXN-2026-04732,84.79,pos,0
TXN-2026-04733,25.65,pos,0
TXN-2026-04734,158.87,online,0
TXN-2026-04735,127.63,pos,0
TXN-2026-04736,284.12,pos,0
TXN-2026-04737,34.85,pos,0
TXN-2026-04738,93.77,online,0
TXN-2026-04739,17.5,online,0
TXN-2026-04740,208.89,pos,0
TXN-2026-04741,167.78,online,0
TXN-2026-04742,163.2,online,0
TXN-2026-04743,90.19,online,0
TXN-2026-04744,148.08,pos,0
TXN-2026-04745,617.21,pos,1
TXN-2026-04746,63.94,pos,0
TXN-2026-04747,106.31,pos,1
TXN-2026-04748,24.45,online,0
TXN-2026-04749,31.76,pos,1
TXN-2026-04750,101.23,atm,0
TXN-2026-04751,338.57,pos,1
TXN-2026-04752,66.19,pos,0
TXN-2026-04753,67.82,pos,0
TXN-2026-04754,55.24,pos,0
TXN-2026-04755,47.38,pos,1
TXN-2026-04756,128.25,online,0
TXN-2026-04757,14.93,pos,0
TXN-2026-04758,418.69,online,0
TXN-2026-04759,40.51,online,0
TXN-2026-04760,214.07,pos,0
TXN-2026-04761,19.61,online,0
TXN-2026-04762,200.86,online,1
TXN-2026-04763,201.61,pos,1
TXN-2026-04764,142.74,pos,0
TXN-2026-04765,27.29,atm,0
TXN-2026-04766,121.44,pos,0
TXN-2026-04767,21.77,pos,0
TXN-2026-04768,66.47,atm,0
TXN-2026-04769,309.6,pos,0
TXN-2026-04770,234.17,pos,0
TXN-2026-04771,91.67,online,1
TXN-2026-04772,27.94,online,1
TXN-2026-04773,195.33,pos,0
TXN-2026-04774,92.14,pos,1
TXN-2026-04775,5.56,online,0
TXN-2026-04776,230.25,online,0
TXN-2026-04777,87.44,pos,0
TXN-2026-04778,381.05,pos,0
TXN-2026-04779,24.18,pos,0
TXN-2026-04780,1.99,online,0
TXN-2026-04781,125.83,online,0
TXN-2026-04782,127.72,atm,0
TXN-2026-04783,11.84,online,0
TXN-2026-04784,27.82,online,0
TXN-2026-04785,2455.93,pos,0
TXN-2026-04786,62.38,online,0
TXN-2026-04787,216.4,online,0
TXN-2026-04788,41.23,pos,0
TXN-2026-04789,7.33,pos,1
TXN-2026-04790,73.38,atm,0
TXN-2026-04791,65.45,pos,0
TXN-2026-04792,55.71,pos,0
TXN-2026-04793,78.45,online,0
TXN-2026-04794,123.61,online,0
TXN-2026-04795,75.18,pos,0
TXN-2026-04796,19.75,online,1
TXN-2026-04797,161.33,pos,0
TXN-2026-04798,8.68,pos,0
TXN-2026-04799,7.69,pos,1
TXN-2026-04800,218.55,online,0
TXN-2026-04801,165.41,atm,1
TXN-2026-04802,84.03,online,0
TXN-2026-04803,16.87,atm,0
TXN-2026-04804,38.49,pos,0
TXN-2026-04805,65.67,pos,0
TXN-2026-04806,13.26,online,0
TXN-2026-04807,37.08,pos,0
TXN-2026-04808,196.92,online,0
TXN-2026-04809,499.08,online,0
TXN-2026-04810,54.42,atm,0
TXN-2026-04811,223.14,pos,0
TXN-2026-04812,9.05,pos,1
TXN-2026-04813,198.61,pos,1
TXN-2026-04814,34.3,pos,0
TXN-2026-04815,130.17,online,0
TXN-2026-04816,66.87,pos,0
TXN-2026-04817,439.0,pos,0
TXN-2026-04818,31.52,pos,1
TXN-2026-04819,191.16,pos,0
TXN-2026-04820,64.37,pos,1
TXN-2026-04821,74.44,pos,0
TXN-2026-04822,72.2,pos,0
TXN-2026-04823,32.63,pos,1
TXN-2026-04824,61673.71,pos,0
TXN-2026-04825,83.5,pos,0
TXN-2026-04826,120.24,pos,0
TXN-2026-04827,99.62,pos,0
TXN-2026-04828,234.53,online,0
TXN-2026-04829,272.66,online,1
TXN-2026-04830,25.51,online,0
TXN-2026-04831,255.32,pos,1
TXN-2026-04832,21.68,pos,0
TXN-2026-04833,182.26,online,0
TXN-2026-04834,189.37,pos,1
TXN-2026-04835,9.08,online,0
TXN-2026-04836,100.64,pos,0
TXN-2026-04837,51.31,pos,0
TXN-2026-04838,36.22,online,0
TXN-2026-04839,455.33,pos,0
TXN-2026-04840,41.08,pos,1
TXN-2026-04841,34.2,pos,1
TXN-2026-04842,98.58,pos,0
TXN-2026-04843,204.94,pos,0
TXN-2026-04844,75.95,online,1
TXN-2026-04845,364.91,online,0
TXN-2026-04846,170.23,online,0
TXN-2026-04847,6.59,pos,0
TXN-2026-04848,47.69,atm,0
TXN-2026-04849,45.87,online,0
TXN-2026-04850,160.01,pos,0
TXN-2026-04851,3.86,online,0
TXN-2026-04852,1917.57,online,0
TXN-2026-04853,170.24,online,0
TXN-2026-04854,107.62,pos,0
TXN-2026-04855,371.62,pos,0
TXN-2026-04856,1498.75,online,1
TXN-2026-04857,255.93,pos,0
TXN-2026-04858,281.06,online,1
TXN-2026-04859,105.3,online,1
TXN-2026-04860,75.96,online,0
TXN-2026-04861,50.86,pos,0
TXN-2026-04862,33.4,online,1
TXN-2026-04863,39.47,pos,0
TXN-2026-04864,17.8,online,1
TXN-2026-04865,82.18,online,0
TXN-2026-04866,11.92,pos,0
TXN-2026-04867,113.19,online,0
TXN-2026-04868,86.18,pos,0
TXN-2026-04869,107.37,pos,0
TXN-2026-04870,48.11,pos,0
TXN-2026-04871,3612.78,pos,0
TXN-2026-04872,460.42,pos,0
TXN-2026-04873,20.22,pos,0
TXN-2026-04874,119.04,online,0
TXN-2026-04875,104281.58,online,0
TXN-2026-04876,26.65,online,0
TXN-2026-04877,18.03,pos,0
TXN-2026-04878,151.21,atm,0
TXN-2026-04879,39.74,online,0
TXN-2026-04880,287.55,pos,0
TXN-2026-04881,296.65,online,1
TXN-2026-04882,468.11,pos,0
TXN-2026-04883,32.37,online,0
TXN-2026-04884,159.24,pos,0
TXN-2026-04885,192.28,pos,0
TXN-2026-04886,50.96,online,0
TXN-2026-04887,35.65,pos,1
TXN-2026-04888,621.06,pos,0
TXN-2026-04889,118.27,atm,0
TXN-2026-04890,193.09,atm,1
TXN-2026-04891,33.57,online,0
TXN-2026-04892,20.84,pos,0
TXN-2026-04893,45.45,pos,0
TXN-2026-04894,77.57,online,0
TXN-2026-04895,25.1,pos,0
TXN-2026-04896,88.96,pos,0
TXN-2026-04897,11.87,pos,0
TXN-2026-04898,23.48,pos,0
TXN-2026-04899,201.36,pos,1
TXN-2026-04900,185.78,pos,0
TXN-2026-04901,56.25,pos,0
TXN-2026-04902,26.54,pos,0
TXN-2026-04903,26.24,pos,0
TXN-2026-04904,57.52,pos,0
TXN-2026-04905,195.08,online,0
TXN-2026-04906,274.21,online,0
TXN-2026-04907,49.61,pos,0
TXN-2026-04908,22.55,pos,0
TXN-2026-04909,124.14,pos,1
TXN-2026-04910,33.51,pos,1
TXN-2026-04911,48.33,pos,0
TXN-2026-04912,441.57,pos,0
TXN-2026-04913,242.87,online,0
TXN-2026-04914,108.81,online,0
TXN-2026-04915,19.56,pos,0
TXN-2026-04916,116.01,pos,1
TXN-2026-04917,322.21,online,0
TXN-2026-04918,57.35,pos,0
TXN-2026-04919,455.47,online,1
TXN-2026-04920,424.66,pos,1
TXN-2026-04921,662.8,online,0
TXN-2026-04922,129.84,atm,0
TXN-2026-04923,182.16,atm,0
TXN-2026-04924,491.29,pos,0
TXN-2026-04925,153.99,pos,0
TXN-2026-04926,49.33,pos,0
TXN-2026-04927,52.55,atm,1
TXN-2026-04928,119.85,pos,0
TXN-2026-04929,19.13,pos,1
TXN-2026-04930,75.8,pos,1
TXN-2026-04931,335.58,pos,0
TXN-2026-04932,6.49,pos,0
TXN-2026-04933,567.58,online,0
TXN-2026-04934,346.14,pos,0
TXN-2026-04935,51.85,pos,1
TXN-2026-04936,172.79,atm,0
TXN-2026-04937,90.36,online,0
TXN-2026-04938,393.86,online,1
TXN-2026-04939,292.72,pos,0
TXN-2026-04940,16.78,online,0
TXN-2026-04941,182.13,pos,0
TXN-2026-04942,70.33,pos,0
TXN-2026-04943,99.42,pos,1
TXN-2026-04944,37.57,pos,1
TXN-2026-04945,733.45,pos,0
TXN-2026-04946,313.59,atm,0
TXN-2026-04947,37.05,pos,0
TXN-2026-04948,18.15,pos,0
TXN-2026-04949,56.67,pos,0
TXN-2026-04950,151.62,pos,0
TXN-2026-04951,120.09,online,0
TXN-2026-04952,404.95,pos,1
TXN-2026-04953,232.27,online,0
TXN-2026-04954,288.15,pos,0
TXN-2026-04955,133.25,online,0
TXN-2026-04956,16.99,online,1
TXN-2026-04957,71.18,online,0
TXN-2026-04958,321.21,online,1
TXN-2026-04959,84.62,online,0
TXN-2026-04960,164.63,pos,0
TXN-2026-04961,61.41,pos,0
TXN-2026-04962,26.16,online,0
TXN-2026-04963,77.63,online,0
TXN-2026-04964,130.43,pos,1
TXN-2026-04965,40.98,pos,0
TXN-2026-04966,67.84,online,0
TXN-2026-04967,29.16,pos,0
TXN-2026-04968,344.84,pos,0
TXN-2026-04969,63.22,pos,0
TXN-2026-04970,514.56,online,0
TXN-2026-04971,563.69,atm,0
TXN-2026-04972,81.67,pos,1
TXN-2026-04973,26.84,pos,0
TXN-2026-04974,7.37,pos,1
TXN-2026-04975,15.39,pos,0
TXN-2026-04976,17.31,online,1
TXN-2026-04977,470.67,pos,0
TXN-2026-04978,103.44,pos,0
TXN-2026-04979,143.67,online,0
TXN-2026-04980,6.27,online,0
TXN-2026-04981,21.38,pos,1
TXN-2026-04982,260.99,pos,0
TXN-2026-04983,126.99,atm,1
TXN-2026-04984,75.44,pos,0
TXN-2026-04985,177.29,online,0
TXN-2026-04986,640.95,pos,1
TXN-2026-04987,69.04,online,0
TXN-2026-04988,97.83,online,1
TXN-2026-04989,113.42,online,0
TXN-2026-04990,1588.48,online,1
TXN-2026-04991,7.25,atm,0
TXN-2026-04992,204.36,online,0
TXN-2026-04993,78.43,pos,0
TXN-2026-04994,177.71,pos,0
TXN-2026-04995,40.9,online,1
TXN-2026-04996,84.88,online,1
TXN-2026-04997,211.39,pos,0
TXN-2026-04998,3772.5,pos,0
TXN-2026-04999,237.38,online,0
TXN-2026-05000,32.54,pos,0
